Protocollo;Gruppo;DataOraIncidente;Localizzazione1;STRADA1;Localizzazione2;STRADA2;Strada02;Chilometrica;DaSpecificare;NaturaIncidente;particolaritastrade;TipoStrada;FondoStradale;Pavimentazione;Segnaletica;CondizioneAtmosferica;Traffico;Visibilita;Illuminazione;NUM_FERITI;NUM_RISERVATA;NUM_MORTI;NUM_ILLESI;Longitudine;Latitudine;Confermato;Progressivo;TipoVeicolo;StatoVeicolo;TipoPersona;Sesso;Tipolesione;Deceduto;DecedutoDopo;CinturaCascoUtilizzato;Airbag;
4354329;8;02/05/2019 12:00:00;;VIA CASILINA;da specificare;;;;f.c. 1769;Tamponamento;;;;;;;;;;0;0;0;2;12.6199;41.8628;0;1;Autovettura privata;In marcia / fermata / arresto;Conducente;F;Illeso;0;;;
4354329;8;02/05/2019 12:00:00;;VIA CASILINA;da specificare;;;;f.c. 1769;Tamponamento;;;;;;;;;;0;0;0;2;12.6199;41.8628;0;2;Autocarro inferiore 35 q.;In marcia / fermata / arresto;Conducente;M;Illeso;0;;;
4354335;8;02/05/2019 18:00:00;Strada Urbana;VIA CASILINA;da specificare;;;;ALTEZZA CIV. 1759;Scontro frontale/laterale SX fra veicoli in marcia;Rettilineo;Una carreggiata a doppio senso;Asciutto;Asfaltata;Verticale ed orizzontale;Sereno;Normale;Buona;Ore Diurne;1;0;0;1;12.6199;41.8628;-1;1;Motociclo a solo;In marcia / fermata / arresto;Conducente;M;Rifiuta cure immediate;0;NON DECEDUTO;Non accertato;
4354335;8;02/05/2019 18:00:00;Strada Urbana;VIA CASILINA;da specificare;;;;ALTEZZA CIV. 1759;Scontro frontale/laterale SX fra veicoli in marcia;Rettilineo;Una carreggiata a doppio senso;Asciutto;Asfaltata;Verticale ed orizzontale;Sereno;Normale;Buona;Ore Diurne;1;0;0;1;12.6199;41.8628;-1;2;Autovettura privata;In marcia / fermata / arresto;Conducente;M;Illeso;0;;Non accertato;
4354339;16;02/05/2019 17:10:00;Strada Urbana;VIALE DELLE MURA GIANICOLENSI;all'intersezione con;VIA FRATELLI BONNET;VIA FRATELLI BONNET;;;Scontro frontale/laterale DX fra veicoli in marcia;Incrocio;Due carreggiate;Asciutto;Asfaltata;Verticale ed orizzontale;Sereno;Normale;Buona;Ore Diurne;0;0;0;2;12.4619;41.8856;-1;1;Autovettura privata;In marcia / fermata / arresto;Conducente;F;Illeso;0;;;
4354339;16;02/05/2019 17:10:00;Strada Urbana;VIALE DELLE MURA GIANICOLENSI;all'intersezione con;VIA FRATELLI BONNET;VIA FRATELLI BONNET;;;Scontro frontale/laterale DX fra veicoli in marcia;Incrocio;Due carreggiate;Asciutto;Asfaltata;Verticale ed orizzontale;Sereno;Normale;Buona;Ore Diurne;0;0;0;2;12.4619;41.8856;-1;2;Motociclo a solo;In marcia / fermata / arresto;Conducente;F;Illeso;0;;;
4354343;12;02/05/2019 06:30:00;Strada Urbana;VIADOTTO DELLA MAGLIANA;da specificare;;;;dir Via Magliana 300 m dopo Sheraton;Tamponamento Multiplo;Curva a visuale libera;Due carreggiate;Bagnato (umidità in atto);Asfaltata;Verticale ed orizzontale;Sereno;Normale;Sufficiente;Ore Diurne;2;0;0;1;12.4633;41.8419;-1;1;Motociclo con passeggero;In marcia / fermata / arresto;Conducente;M;Rimandato;0;NON DECEDUTO;Utilizzato;
4354343;12;02/05/2019 06:30:00;Strada Urbana;VIADOTTO DELLA MAGLIANA;da specificare;;;;dir Via Magliana 300 m dopo Sheraton;Tamponamento Multiplo;Curva a visuale libera;Due carreggiate;Bagnato (umidità in atto);Asfaltata;Verticale ed orizzontale;Sereno;Normale;Sufficiente;Ore Diurne;2;0;0;1;12.4633;41.8419;-1;2;Autovettura privata;In marcia / fermata / arresto;Conducente;M;Illeso;0;;Utilizzato;Inesploso
4354343;12;02/05/2019 06:30:00;Strada Urbana;VIADOTTO DELLA MAGLIANA;da specificare;;;;dir Via Magliana 300 m dopo Sheraton;Tamponamento Multiplo;Curva a visuale libera;Due carreggiate;Bagnato (umidità in atto);Asfaltata;Verticale ed orizzontale;Sereno;Normale;Sufficiente;Ore Diurne;2;0;0;1;12.4633;41.8419;-1;3;Autovettura privata;In marcia / fermata / arresto;Conducente;M;Rimandato;0;NON DECEDUTO;Utilizzato;Inesploso
4354368;18;02/05/2019 16:37:00;Strada Urbana;VIA GREGORIO VII;in prossimità;;del civico n.;209;;Tamponamento;Rettilineo;Una carreggiata a senso unico di marcia;Asciutto;Asfaltata;Verticale ed orizzontale;Sereno;Normale;Buona;Ore Diurne;0;0;0;2;12.4458;41.8953;-1;1;Autovettura privata;In marcia / fermata / arresto;Conducente;F;Illeso;0;;;
4354368;18;02/05/2019 16:37:00;Strada Urbana;VIA GREGORIO VII;in prossimità;;del civico n.;209;;Tamponamento;Rettilineo;Una carreggiata a senso unico di marcia;Asciutto;Asfaltata;Verticale ed orizzontale;Sereno;Normale;Buona;Ore Diurne;0;0;0;2;12.4458;41.8953;-1;2;Autovettura privata;In marcia / fermata / arresto;Conducente;M;Illeso;0;;;
4354409;13;02/05/2019 15:30:00;Strada Urbana;VIA BERNARDO PASQUINI;all'intersezione con;VIA ANTONIO VIRI;VIA ANTONIO VIRI;;;Scontro frontale/laterale DX fra veicoli in marcia;Incrocio;Una carreggiata a doppio senso;Asciutto;Asfaltata;Verticale ed orizzontale;Sereno;Normale;Buona;Ore Diurne;0;0;0;4;12.3633;41.7438;-1;1;Autovettura privata;In marcia / fermata / arresto;Conducente;M;Illeso;0;;Non accertato;Inesploso
4354409;13;02/05/2019 15:30:00;Strada Urbana;VIA BERNARDO PASQUINI;all'intersezione con;VIA ANTONIO VIRI;VIA ANTONIO VIRI;;;Scontro frontale/laterale DX fra veicoli in marcia;Incrocio;Una carreggiata a doppio senso;Asciutto;Asfaltata;Verticale ed orizzontale;Sereno;Normale;Buona;Ore Diurne;0;0;0;4;12.3633;41.7438;-1;1;Autovettura privata;In marcia / fermata / arresto;Passeggero;F;Illeso;0;;Non accertato;Inesploso
4354409;13;02/05/2019 15:30:00;Strada Urbana;VIA BERNARDO PASQUINI;all'intersezione con;VIA ANTONIO VIRI;VIA ANTONIO VIRI;;;Scontro frontale/laterale DX fra veicoli in marcia;Incrocio;Una carreggiata a doppio senso;Asciutto;Asfaltata;Verticale ed orizzontale;Sereno;Normale;Buona;Ore Diurne;0;0;0;4;12.3633;41.7438;-1;1;Autovettura privata;In marcia / fermata / arresto;Passeggero;F;Illeso;0;;Non accertato;Inesploso
4354409;13;02/05/2019 15:30:00;Strada Urbana;VIA BERNARDO PASQUINI;all'intersezione con;VIA ANTONIO VIRI;VIA ANTONIO VIRI;;;Scontro frontale/laterale DX fra veicoli in marcia;Incrocio;Una carreggiata a doppio senso;Asciutto;Asfaltata;Verticale ed orizzontale;Sereno;Normale;Buona;Ore Diurne;0;0;0;4;12.3633;41.7438;-1;2;Quadriciclo leggero;In marcia / fermata / arresto;Conducente;M;Illeso;0;;Non accertato;Inesistente
4354416;20;03/05/2019 09:00:00;Strada Urbana;VIA SANTI COSMA E DAMIANO;all'intersezione con;VIA GERMANA STEFANINI;VIA GERMANA STEFANINI;;;Tamponamento;Intersezione stradale segnalata;Una carreggiata a doppio senso;Asciutto;Asfaltata;Verticale ed orizzontale;Nuvoloso;Normale;Buona;Ore Diurne;0;0;0;2;12.4479;41.971;-1;1;Autovettura privata;In marcia / fermata / arresto;Conducente;M;Illeso;0;;Non accertato;Inesploso
4354416;20;03/05/2019 09:00:00;Strada Urbana;VIA SANTI COSMA E DAMIANO;all'intersezione con;VIA GERMANA STEFANINI;VIA GERMANA STEFANINI;;;Tamponamento;Intersezione stradale segnalata;Una carreggiata a doppio senso;Asciutto;Asfaltata;Verticale ed orizzontale;Nuvoloso;Normale;Buona;Ore Diurne;0;0;0;2;12.4479;41.971;-1;2;Autovettura privata;In marcia / fermata / arresto;Conducente;F;Illeso;0;;Non accertato;Inesploso
4354456;17;02/05/2019 13:33:00;Strada Urbana;LUNGOTEVERE IN SASSIA;in prossimità;;del civico n.;3;;Veicolo in marcia contro veicolo arresto;Rettilineo;Una carreggiata a senso unico di marcia;Asciutto;Asfaltata;Verticale ed orizzontale;Sereno;Intenso;Buona;Ore Diurne;1;0;0;2;12.4631;41.9012;-1;1;Autovettura privata;In marcia / fermata / arresto;Conducente;M;Illeso;0;;;
4354456;17;02/05/2019 13:33:00;Strada Urbana;LUNGOTEVERE IN SASSIA;in prossimità;;del civico n.;3;;Veicolo in marcia contro veicolo arresto;Rettilineo;Una carreggiata a senso unico di marcia;Asciutto;Asfaltata;Verticale ed orizzontale;Sereno;Intenso;Buona;Ore Diurne;1;0;0;2;12.4631;41.9012;-1;1;Autovettura privata;In marcia / fermata / arresto;Passeggero;F;Illeso;0;;;
4354456;17;02/05/2019 13:33:00;Strada Urbana;LUNGOTEVERE IN SASSIA;in prossimità;;del civico n.;3;;Veicolo in marcia contro veicolo arresto;Rettilineo;Una carreggiata a senso unico di marcia;Asciutto;Asfaltata;Verticale ed orizzontale;Sereno;Intenso;Buona;Ore Diurne;1;0;0;2;12.4631;41.9012;-1;2;Motociclo a solo;In marcia / fermata / arresto;Conducente;M;Rimandato;0;NON DECEDUTO;;
4354502;1;02/05/2019 20:20:00;Provinciale entro l'abitato;VIA DEI FORI IMPERIALI;all'intersezione semaforizzata con;LARGO CORRADO RICCI;LARGO CORRADO RICCI;;;Tamponamento;Intersezione stradale segnalata;Una carreggiata a doppio senso;Asciutto;Asfaltata;Assente;Sereno;Scarso;Sufficiente;Ore Diurne;0;0;0;1;12.487;41.8933;-1;1;Autovettura pubblica;In marcia / fermata / arresto;Conducente;M;Illeso;0;;;
4354502;1;02/05/2019 20:20:00;Provinciale entro l'abitato;VIA DEI FORI IMPERIALI;all'intersezione semaforizzata con;LARGO CORRADO RICCI;LARGO CORRADO RICCI;;;Tamponamento;Intersezione stradale segnalata;Una carreggiata a doppio senso;Asciutto;Asfaltata;Assente;Sereno;Scarso;Sufficiente;Ore Diurne;0;0;0;1;12.487;41.8933;-1;2;Velocipede;In marcia / fermata / arresto;;;;;;;
4354527;4;02/05/2019 16:30:00;Strada Urbana;VIA DEI PRATI FISCALI;da specificare;;;;fronte civico 251;Scontro laterale fra veicoli in marcia;Rettilineo;Due carreggiate;Asciutto;Asfaltata;Verticale ed orizzontale;Sereno;Normale;Buona;Ore Diurne;0;0;0;4;12.5157;41.9463;-1;1;Autovettura privata;In marcia / fermata / arresto;Conducente;M;Illeso;0;;;
4354527;4;02/05/2019 16:30:00;Strada Urbana;VIA DEI PRATI FISCALI;da specificare;;;;fronte civico 251;Scontro laterale fra veicoli in marcia;Rettilineo;Due carreggiate;Asciutto;Asfaltata;Verticale ed orizzontale;Sereno;Normale;Buona;Ore Diurne;0;0;0;4;12.5157;41.9463;-1;1;Autovettura privata;In marcia / fermata / arresto;Passeggero;F;Illeso;0;;;
4354527;4;02/05/2019 16:30:00;Strada Urbana;VIA DEI PRATI FISCALI;da specificare;;;;fronte civico 251;Scontro laterale fra veicoli in marcia;Rettilineo;Due carreggiate;Asciutto;Asfaltata;Verticale ed orizzontale;Sereno;Normale;Buona;Ore Diurne;0;0;0;4;12.5157;41.9463;-1;2;Motociclo a solo;In marcia / fermata / arresto;Conducente;M;Illeso;0;;;
4354543;2;02/05/2019 10:05:00;Strada Urbana;VIA SALARIA;all'intersezione con;VIA ANAPO;VIA ANAPO;;;Veicolo in marcia contro veicolo arresto;Intersezione stradale segnalata;Una carreggiata a doppio senso;Asciutto;Asfaltata;Verticale ed orizzontale;Sereno;Normale;Buona;Ore Diurne;0;0;0;2;12.5058;41.9267;-1;1;Autovettura privata;In marcia / fermata / arresto;Conducente;M;Illeso;0;;Non accertato;Inesploso
4354543;2;02/05/2019 10:05:00;Strada Urbana;VIA SALARIA;all'intersezione con;VIA ANAPO;VIA ANAPO;;;Veicolo in marcia contro veicolo arresto;Intersezione stradale segnalata;Una carreggiata a doppio senso;Asciutto;Asfaltata;Verticale ed orizzontale;Sereno;Normale;Buona;Ore Diurne;0;0;0;2;12.5058;41.9267;-1;2;Autovettura privata;In marcia / fermata / arresto;Conducente;M;Illeso;0;;Non accertato;Inesploso
4354569;2;02/05/2019 13:30:00;Strada Urbana;VIA SALARIA;in prossimità;;del civico n.;352;;Tamponamento Multiplo;Rettilineo;Una carreggiata a doppio senso;Asciutto;Asfaltata;Verticale ed orizzontale;Sereno;Normale;Buona;Ore Diurne;1;0;0;2;12.5056;41.9263;-1;1;Autovettura privata;In marcia / fermata / arresto;Conducente;F;Illeso;0;;Non accertato;Inesploso
4354569;2;02/05/2019 13:30:00;Strada Urbana;VIA SALARIA;in prossimità;;del civico n.;352;;Tamponamento Multiplo;Rettilineo;Una carreggiata a doppio senso;Asciutto;Asfaltata;Verticale ed orizzontale;Sereno;Normale;Buona;Ore Diurne;1;0;0;2;12.5056;41.9263;-1;2;Autovettura privata;In marcia / fermata / arresto;Conducente;M;Rimandato;0;NON DECEDUTO;Non accertato;Inesploso
4354569;2;02/05/2019 13:30:00;Strada Urbana;VIA SALARIA;in prossimità;;del civico n.;352;;Tamponamento Multiplo;Rettilineo;Una carreggiata a doppio senso;Asciutto;Asfaltata;Verticale ed orizzontale;Sereno;Normale;Buona;Ore Diurne;1;0;0;2;12.5056;41.9263;-1;3;Autovettura privata;In marcia / fermata / arresto;Conducente;F;Illeso;0;;Non accertato;Inesploso
4354575;4;02/05/2019 17:15:00;Strada Urbana;PIAZZA MONTE GENNARO;in corrispondenza;;del civico n.;19;;Veicolo in marcia contro veicoli in sosta;Rettilineo;Una carreggiata a doppio senso;Asciutto;Asfaltata;Verticale ed orizzontale;Sereno;Normale;Buona;Ore Diurne;0;0;0;1;12.5378;41.9453;-1;1;Motociclo a solo;Sosta;;;;;;;
4354575;4;02/05/2019 17:15:00;Strada Urbana;PIAZZA MONTE GENNARO;in corrispondenza;;del civico n.;19;;Veicolo in marcia contro veicoli in sosta;Rettilineo;Una carreggiata a doppio senso;Asciutto;Asfaltata;Verticale ed orizzontale;Sereno;Normale;Buona;Ore Diurne;0;0;0;1;12.5378;41.9453;-1;2;Autovettura privata;In marcia / fermata / arresto;Conducente;M;Illeso;0;;;
4354575;4;02/05/2019 17:15:00;Strada Urbana;PIAZZA MONTE GENNARO;in corrispondenza;;del civico n.;19;;Veicolo in marcia contro veicoli in sosta;Rettilineo;Una carreggiata a doppio senso;Asciutto;Asfaltata;Verticale ed orizzontale;Sereno;Normale;Buona;Ore Diurne;0;0;0;1;12.5378;41.9453;-1;3;Autovettura privata;Sosta;;;;;;;
4354582;16;02/05/2019 19:30:00;Strada Urbana;PIAZZALE ENRICO DUNANT;all'intersezione con;CIRCONVALLAZIONE GIANICOLENSE;CIRCONVALLAZIONE GIANICOLENSE;;;Scontro laterale fra veicoli in marcia;Incrocio;Più di due carreggiate;Asciutto;Asfaltata;Verticale ed orizzontale;Sereno;Normale;Buona;Ore Diurne;0;0;0;2;12.4589;41.8725;-1;1;Motociclo con passeggero;In marcia / fermata / arresto;Conducente;M;Illeso;0;;Non accertato;
4354582;16;02/05/2019 19:30:00;Strada Urbana;PIAZZALE ENRICO DUNANT;all'intersezione con;CIRCONVALLAZIONE GIANICOLENSE;CIRCONVALLAZIONE GIANICOLENSE;;;Scontro laterale fra veicoli in marcia;Incrocio;Più di due carreggiate;Asciutto;Asfaltata;Verticale ed orizzontale;Sereno;Normale;Buona;Ore Diurne;0;0;0;2;12.4589;41.8725;-1;2;Autovettura privata;In marcia / fermata / arresto;Conducente;F;Illeso;0;;Non accertato;Inesploso
4354661;18;02/05/2019 15:40:00;Statale;VIA AURELIA;in prossimità;;della chilometrica;18.2;;Veicolo in marcia contro ostacolo accidentale;Rettilineo;Due carreggiate;Asciutto;Asfaltata;Verticale ed orizzontale;Sereno;Normale;Buona;Ore Diurne;0;0;0;4;12.2901;41.8954;-1;1;Autovettura privata;In marcia / fermata / arresto;Conducente;M;Illeso;0;;;
4354661;18;02/05/2019 15:40:00;Statale;VIA AURELIA;in prossimità;;della chilometrica;18.2;;Veicolo in marcia contro ostacolo accidentale;Rettilineo;Due carreggiate;Asciutto;Asfaltata;Verticale ed orizzontale;Sereno;Normale;Buona;Ore Diurne;0;0;0;4;12.2901;41.8954;-1;1;Autovettura privata;In marcia / fermata / arresto;Passeggero;M;Illeso;0;;;
4354661;18;02/05/2019 15:40:00;Statale;VIA AURELIA;in prossimità;;della chilometrica;18.2;;Veicolo in marcia contro ostacolo accidentale;Rettilineo;Due carreggiate;Asciutto;Asfaltata;Verticale ed orizzontale;Sereno;Normale;Buona;Ore Diurne;0;0;0;4;12.2901;41.8954;-1;2;Autovettura privata;In marcia / fermata / arresto;Conducente;M;Illeso;0;;;
4354661;18;02/05/2019 15:40:00;Statale;VIA AURELIA;in prossimità;;della chilometrica;18.2;;Veicolo in marcia contro ostacolo accidentale;Rettilineo;Due carreggiate;Asciutto;Asfaltata;Verticale ed orizzontale;Sereno;Normale;Buona;Ore Diurne;0;0;0;4;12.2901;41.8954;-1;3;Autovettura privata;In marcia / fermata / arresto;Conducente;M;Illeso;0;;;
4354684;2;02/05/2019 14:20:00;Strada Urbana;VIA CHIANA;all'intersezione semaforizzata con;VIA TAGLIAMENTO;VIA TAGLIAMENTO;;;Scontro frontale/laterale SX fra veicoli in marcia;Intersezione semaforizzata;Una carreggiata a doppio senso;Asciutto;Asfaltata;Verticale ed orizzontale;Sereno;Normale;Buona;Ore Diurne;1;0;0;1;12.5053;41.9217;-1;1;Motociclo a solo;In marcia / fermata / arresto;Conducente;M;Rifiuta cure immediate;0;NON DECEDUTO;;
4354684;2;02/05/2019 14:20:00;Strada Urbana;VIA CHIANA;all'intersezione semaforizzata con;VIA TAGLIAMENTO;VIA TAGLIAMENTO;;;Scontro frontale/laterale SX fra veicoli in marcia;Intersezione semaforizzata;Una carreggiata a doppio senso;Asciutto;Asfaltata;Verticale ed orizzontale;Sereno;Normale;Buona;Ore Diurne;1;0;0;1;12.5053;41.9217;-1;2;Autovettura privata;In marcia / fermata / arresto;Conducente;F;Illeso;0;;;
4354721;2;02/05/2019 18:30:00;Strada Urbana;VIA SALARIA;all'intersezione semaforizzata con;VIA DI PONTE SALARIO;VIA DI PONTE SALARIO;;;Ribaltamento senza urto contro ostacolo fisso;Incrocio;Una carreggiata a doppio senso;Asciutto;Asfaltata;Verticale ed orizzontale;Sereno;Intenso;Buona;Ore Diurne;1;0;0;2;12.5141;41.9923;-1;1;Autovettura privata;In marcia / fermata / arresto;Conducente;F;Illeso;0;;Non accertato;Inesploso
4354721;2;02/05/2019 18:30:00;Strada Urbana;VIA SALARIA;all'intersezione semaforizzata con;VIA DI PONTE SALARIO;VIA DI PONTE SALARIO;;;Ribaltamento senza urto contro ostacolo fisso;Incrocio;Una carreggiata a doppio senso;Asciutto;Asfaltata;Verticale ed orizzontale;Sereno;Intenso;Buona;Ore Diurne;1;0;0;2;12.5141;41.9923;-1;1;Autovettura privata;In marcia / fermata / arresto;Passeggero;M;Illeso;0;;Non accertato;Inesploso
4354721;2;02/05/2019 18:30:00;Strada Urbana;VIA SALARIA;all'intersezione semaforizzata con;VIA DI PONTE SALARIO;VIA DI PONTE SALARIO;;;Ribaltamento senza urto contro ostacolo fisso;Incrocio;Una carreggiata a doppio senso;Asciutto;Asfaltata;Verticale ed orizzontale;Sereno;Intenso;Buona;Ore Diurne;1;0;0;2;12.5141;41.9923;-1;2;Motociclo a solo;In marcia / fermata / arresto;Conducente;M;Rifiuta cure immediate;0;NON DECEDUTO;Non accertato;
4354731;3;02/05/2019 13:00:00;Strada Urbana;CIRCONVALLAZIONE TIBURTINA;da specificare;;;;civ 4;Scontro laterale fra veicoli in marcia;Rettilineo;Una carreggiata a doppio senso;Asciutto;Asfaltata;Verticale ed orizzontale;Sereno;Normale;Buona;Ore Diurne;2;0;0;0;12.528;41.8994;-1;1;Motociclo a solo;In marcia / fermata / arresto;Conducente;M;Rimandato;0;NON DECEDUTO;Non accertato;
4354731;3;02/05/2019 13:00:00;Strada Urbana;CIRCONVALLAZIONE TIBURTINA;da specificare;;;;civ 4;Scontro laterale fra veicoli in marcia;Rettilineo;Una carreggiata a doppio senso;Asciutto;Asfaltata;Verticale ed orizzontale;Sereno;Normale;Buona;Ore Diurne;2;0;0;0;12.528;41.8994;-1;2;Motociclo a solo;In marcia / fermata / arresto;Conducente;F;Rimandato;0;NON DECEDUTO;Non accertato;
4354745;3;02/05/2019 19:10:00;Strada Urbana;VIA GIANO DELLA BELLA;in prossimità;;del civico n.;1;;Investimento di pedone;Rettilineo;Una carreggiata a senso unico di marcia;Asciutto;Asfaltata;Orizzontale;Sereno;Normale;Buona;Ore Diurne;0;0;0;2;12.5233;41.9087;0;;;;Pedone;F;Illeso;0;;;
4354745;3;02/05/2019 19:10:00;Strada Urbana;VIA GIANO DELLA BELLA;in prossimità;;del civico n.;1;;Investimento di pedone;Rettilineo;Una carreggiata a senso unico di marcia;Asciutto;Asfaltata;Orizzontale;Sereno;Normale;Buona;Ore Diurne;0;0;0;2;12.5233;41.9087;0;1;Autocarro inferiore 35 q.;In marcia / fermata / arresto;Conducente;M;Illeso;0;;;
4354755;3;02/05/2019 16:00:00;Strada Urbana;CIRCONVALLAZIONE NOMENTANA;in prossimità;;del civico n.;247;;Tamponamento;Rettilineo;Una carreggiata a senso unico di marcia;Asciutto;Asfaltata;Verticale ed orizzontale;Sereno;Intenso;Buona;Ore Diurne;1;0;0;1;12.5282;41.9138;-1;1;Autovettura privata;In marcia / fermata / arresto;Conducente;M;Illeso;0;;Non accertato;Inesploso
4354755;3;02/05/2019 16:00:00;Strada Urbana;CIRCONVALLAZIONE NOMENTANA;in prossimità;;del civico n.;247;;Tamponamento;Rettilineo;Una carreggiata a senso unico di marcia;Asciutto;Asfaltata;Verticale ed orizzontale;Sereno;Intenso;Buona;Ore Diurne;1;0;0;1;12.5282;41.9138;-1;2;Ciclomotore;In marcia / fermata / arresto;Conducente;M;Rimandato;0;NON DECEDUTO;Non accertato;
4354799;2;02/05/2019 18:45:00;Strada Urbana;VIALE DELLA MOSCHEA;in prossimità;;del civico n.;130;;Scontro laterale fra veicoli in marcia;Rettilineo;Una carreggiata a doppio senso;Asciutto;Asfaltata;Orizzontale;Sereno;Scarso;Buona;Ore Diurne;1;0;0;1;12.4922;41.9328;-1;1;Autovettura privata;Sosta;;;;;;;
4354799;2;02/05/2019 18:45:00;Strada Urbana;VIALE DELLA MOSCHEA;in prossimità;;del civico n.;130;;Scontro laterale fra veicoli in marcia;Rettilineo;Una carreggiata a doppio senso;Asciutto;Asfaltata;Orizzontale;Sereno;Scarso;Buona;Ore Diurne;1;0;0;1;12.4922;41.9328;-1;2;Motociclo a solo;In marcia / fermata / arresto;Conducente;M;Illeso;0;;;
4354799;2;02/05/2019 18:45:00;Strada Urbana;VIALE DELLA MOSCHEA;in prossimità;;del civico n.;130;;Scontro laterale fra veicoli in marcia;Rettilineo;Una carreggiata a doppio senso;Asciutto;Asfaltata;Orizzontale;Sereno;Scarso;Buona;Ore Diurne;1;0;0;1;12.4922;41.9328;-1;3;Velocipede;In marcia / fermata / arresto;Conducente;F;Ricoverato;0;NON DECEDUTO;Esente;
4354809;18;02/05/2019 23:45:00;Strada Urbana;VIA LEONE XIII;da specificare;;;;in prossimità di via Pio IV;Scontro laterale fra veicoli in marcia;Pendenza;Due carreggiate;Asciutto;Asfaltata;Verticale ed orizzontale;Sereno;Scarso;Buona;Sufficiente;1;0;0;1;12.438;41.8922;-1;1;Autovettura privata;In marcia / fermata / arresto;Conducente;F;Ricoverato;0;NON DECEDUTO;;
4354809;18;02/05/2019 23:45:00;Strada Urbana;VIA LEONE XIII;da specificare;;;;in prossimità di via Pio IV;Scontro laterale fra veicoli in marcia;Pendenza;Due carreggiate;Asciutto;Asfaltata;Verticale ed orizzontale;Sereno;Scarso;Buona;Sufficiente;1;0;0;1;12.438;41.8922;-1;2;Autovettura privata;In marcia / fermata / arresto;Conducente;M;Illeso;0;;Non accertato;Inesploso
4354837;17;02/05/2019 09:30:00;Strada Urbana;PIAZZA GIUSEPPE MAZZINI;in corrispondenza;;del civico n.;23;;Scontro laterale fra veicoli in marcia;Rotatoria;Una carreggiata a senso unico di marcia;Asciutto;Asfaltata;Verticale ed orizzontale;Sereno;Normale;Buona;Ore Diurne;1;0;0;0;12.4628;41.9159;-1;1;Motociclo a solo;In marcia / fermata / arresto;Conducente;F;Rimandato;0;NON DECEDUTO;;
4354837;17;02/05/2019 09:30:00;Strada Urbana;PIAZZA GIUSEPPE MAZZINI;in corrispondenza;;del civico n.;23;;Scontro laterale fra veicoli in marcia;Rotatoria;Una carreggiata a senso unico di marcia;Asciutto;Asfaltata;Verticale ed orizzontale;Sereno;Normale;Buona;Ore Diurne;1;0;0;0;12.4628;41.9159;-1;2;Autovettura privata;Allontanatosi;;;;;;;
4354946;1;02/05/2019 19:20:00;Strada Urbana;VIA LEONIDA BISSOLATI;da specificare;;;;altezza civ. 76;Veicolo in marcia contro veicolo in sosta;Rettilineo;Una carreggiata a doppio senso;Asciutto;Asfaltata;Verticale ed orizzontale;Sereno;Normale;Buona;Ore Diurne;0;0;0;0;12.4913;41.9057;-1;1;Autovettura privata;Sosta;;;;;;;
4354946;1;02/05/2019 19:20:00;Strada Urbana;VIA LEONIDA BISSOLATI;da specificare;;;;altezza civ. 76;Veicolo in marcia contro veicolo in sosta;Rettilineo;Una carreggiata a doppio senso;Asciutto;Asfaltata;Verticale ed orizzontale;Sereno;Normale;Buona;Ore Diurne;0;0;0;0;12.4913;41.9057;-1;2;Autovettura privata;Allontanatosi;;;;;;;
4354953;1;02/05/2019 17:30:00;Strada Urbana;VIA DI S. GIOVANNI IN LATERANO;in corrispondenza;;del civico n.;46;;Tamponamento;Rettilineo;Una carreggiata a senso unico di marcia;Asciutto;In cubetti di porfido;Verticale ed orizzontale;Sereno;Normale;Buona;Ore Diurne;0;0;0;4;;;0;1;Autovettura privata;In marcia / fermata / arresto;Conducente;M;Illeso;0;;Non accertato;Inesploso
4354953;1;02/05/2019 17:30:00;Strada Urbana;VIA DI S. GIOVANNI IN LATERANO;in corrispondenza;;del civico n.;46;;Tamponamento;Rettilineo;Una carreggiata a senso unico di marcia;Asciutto;In cubetti di porfido;Verticale ed orizzontale;Sereno;Normale;Buona;Ore Diurne;0;0;0;4;;;0;1;Autovettura privata;In marcia / fermata / arresto;Passeggero;M;Illeso;0;;Non accertato;Inesploso
4354953;1;02/05/2019 17:30:00;Strada Urbana;VIA DI S. GIOVANNI IN LATERANO;in corrispondenza;;del civico n.;46;;Tamponamento;Rettilineo;Una carreggiata a senso unico di marcia;Asciutto;In cubetti di porfido;Verticale ed orizzontale;Sereno;Normale;Buona;Ore Diurne;0;0;0;4;;;0;1;Autovettura privata;In marcia / fermata / arresto;Passeggero;M;Illeso;0;;Non accertato;Inesploso
4354953;1;02/05/2019 17:30:00;Strada Urbana;VIA DI S. GIOVANNI IN LATERANO;in corrispondenza;;del civico n.;46;;Tamponamento;Rettilineo;Una carreggiata a senso unico di marcia;Asciutto;In cubetti di porfido;Verticale ed orizzontale;Sereno;Normale;Buona;Ore Diurne;0;0;0;4;;;0;2;Autovettura privata;In marcia / fermata / arresto;Conducente;M;Illeso;0;;Non accertato;