Protocollo;Gruppo;DataOraIncidente;Localizzazione1;STRADA1;Localizzazione2;STRADA2;Strada02;Chilometrica;DaSpecificare;NaturaIncidente;particolaritastrade;TipoStrada;FondoStradale;Pavimentazione;Segnaletica;CondizioneAtmosferica;Traffico;Visibilita;Illuminazione;NUM_FERITI;NUM_RISERVATA;NUM_MORTI;NUM_ILLESI;Longitudine;Latitudine;Confermato;Progressivo;TipoVeicolo;StatoVeicolo;TipoPersona;Sesso;Tipolesione;Deceduto;DecedutoDopo;CinturaCascoUtilizzato;Airbag;
4360062;15;06/05/2019 08:45:00;Strada Urbana;VIA ODERISI DA GUBBIO;in corrispondenza;;del civico n.;185;;Scontro laterale fra veicoli in marcia;Rettilineo;Una carreggiata a doppio senso;Asciutto;Asfaltata;Verticale ed orizzontale;Nuvoloso;Intenso;Buona;Ore Diurne;0;0;0;2;12.4648;41.864;-1;2;Macchina operatrice;In marcia / fermata / arresto;Conducente;M;Illeso;0;;Non accertato;Inesploso
4360067;15;06/05/2019 15:30:00;Strada Urbana;VIA DELLA MAGLIANA;da specificare;;;;FRONTE CIVICO 642;Tamponamento Multiplo;Rettilineo;Una carreggiata a doppio senso;Asciutto;Asfaltata;Orizzontale;Sereno;Normale;Buona;Ore Diurne;0;0;0;3;12.4196;41.8317;-1;1;Autocarro inferiore 35 q.;In marcia / fermata / arresto;Conducente;M;Illeso;0;;;
4360067;15;06/05/2019 15:30:00;Strada Urbana;VIA DELLA MAGLIANA;da specificare;;;;FRONTE CIVICO 642;Tamponamento Multiplo;Rettilineo;Una carreggiata a doppio senso;Asciutto;Asfaltata;Orizzontale;Sereno;Normale;Buona;Ore Diurne;0;0;0;3;12.4196;41.8317;-1;2;Autovettura privata;In marcia / fermata / arresto;Conducente;M;Illeso;0;;;
4360067;15;06/05/2019 15:30:00;Strada Urbana;VIA DELLA MAGLIANA;da specificare;;;;FRONTE CIVICO 642;Tamponamento Multiplo;Rettilineo;Una carreggiata a doppio senso;Asciutto;Asfaltata;Orizzontale;Sereno;Normale;Buona;Ore Diurne;0;0;0;3;12.4196;41.8317;-1;3;Autovettura privata;In marcia / fermata / arresto;Conducente;M;Illeso;0;;;
4360368;9;06/05/2019 14:30:00;Strada Urbana;VIA LICIA;in corrispondenza;;del civico n.;24;;Veicolo in marcia contro veicolo in sosta;Rettilineo;Una carreggiata a doppio senso;Asciutto;Asfaltata;Orizzontale;Sereno;Normale;Sufficiente;Ore Diurne;0;0;0;1;12.5033;41.8802;-1;1;Autocarro inferiore 35 q.;In marcia / fermata / arresto;Conducente;M;Illeso;0;;;
4360368;9;06/05/2019 14:30:00;Strada Urbana;VIA LICIA;in corrispondenza;;del civico n.;24;;Veicolo in marcia contro veicolo in sosta;Rettilineo;Una carreggiata a doppio senso;Asciutto;Asfaltata;Orizzontale;Sereno;Normale;Sufficiente;Ore Diurne;0;0;0;1;12.5033;41.8802;-1;2;Autovettura privata;Sosta;;;;;;;
4360368;9;06/05/2019 14:30:00;Strada Urbana;VIA LICIA;in corrispondenza;;del civico n.;24;;Veicolo in marcia contro veicolo in sosta;Rettilineo;Una carreggiata a doppio senso;Asciutto;Asfaltata;Orizzontale;Sereno;Normale;Sufficiente;Ore Diurne;0;0;0;1;12.5033;41.8802;-1;3;Autovettura privata;Sosta;;;;;;;
4360368;9;06/05/2019 14:30:00;Strada Urbana;VIA LICIA;in corrispondenza;;del civico n.;24;;Veicolo in marcia contro veicolo in sosta;Rettilineo;Una carreggiata a doppio senso;Asciutto;Asfaltata;Orizzontale;Sereno;Normale;Sufficiente;Ore Diurne;0;0;0;1;12.5033;41.8802;-1;4;Autovettura privata;Sosta;;;;;;;
4360374;10;06/05/2019 07:20:00;Strada Urbana;VIA ANDREA MONETA;in prossimità;;del palo luce n.;12;;Tamponamento Multiplo;Rettilineo;Più di due carreggiate;Asciutto;Asfaltata;Verticale ed orizzontale;Nuvoloso;Normale;Buona;Ore Diurne;1;0;0;3;12.5885;41.8461;-1;1;Autovettura privata;In marcia / fermata / arresto;Conducente;F;Illeso;0;;Non accertato;Inesploso
4360374;10;06/05/2019 07:20:00;Strada Urbana;VIA ANDREA MONETA;in prossimità;;del palo luce n.;12;;Tamponamento Multiplo;Rettilineo;Più di due carreggiate;Asciutto;Asfaltata;Verticale ed orizzontale;Nuvoloso;Normale;Buona;Ore Diurne;1;0;0;3;12.5885;41.8461;-1;2;Autovettura privata;In marcia / fermata / arresto;Conducente;M;Rimandato;0;NON DECEDUTO;;
4360374;10;06/05/2019 07:20:00;Strada Urbana;VIA ANDREA MONETA;in prossimità;;del palo luce n.;12;;Tamponamento Multiplo;Rettilineo;Più di due carreggiate;Asciutto;Asfaltata;Verticale ed orizzontale;Nuvoloso;Normale;Buona;Ore Diurne;1;0;0;3;12.5885;41.8461;-1;3;Autovettura privata;In marcia / fermata / arresto;Conducente;M;Illeso;0;;Non accertato;Inesploso
4360374;10;06/05/2019 07:20:00;Strada Urbana;VIA ANDREA MONETA;in prossimità;;del palo luce n.;12;;Tamponamento Multiplo;Rettilineo;Più di due carreggiate;Asciutto;Asfaltata;Verticale ed orizzontale;Nuvoloso;Normale;Buona;Ore Diurne;1;0;0;3;12.5885;41.8461;-1;4;Autovettura privata;In marcia / fermata / arresto;Conducente;M;Illeso;0;;Non accertato;Inesploso
4360375;19;06/05/2019 08:30:00;Strada Urbana;VIA TRIONFALE;in prossimità;;del civico n.;8948;;Infortunio per sola frenata improvvisa;Rettilineo;Una carreggiata a doppio senso;Bagnato (umidità in atto);Asfaltata;Verticale ed orizzontale;Nuvoloso;Normale;Buona;Ore Diurne;1;0;0;0;12.4215;41.9416;-1;1;Motociclo a solo;In marcia / fermata / arresto;Conducente;M;Rimandato;0;NON DECEDUTO;;
4360387;8;06/05/2019 07:00:00;Strada Urbana;VIALE PIETRO ANDERLONI;da specificare;;;;rampa immissione via di Tor Bella Monaca;Veicolo in marcia contro ostacolo fisso;Rettilineo;Una carreggiata a senso unico di marcia;Asciutto;Asfaltata;Verticale ed orizzontale;Nuvoloso;Normale;Buona;Ore Diurne;1;0;0;0;12.6298;41.8747;0;1;Autovettura privata;In marcia / fermata / arresto;Conducente;M;Rimandato;0;NON DECEDUTO;;
4360396;11;06/05/2019 15:10:00;Strada Urbana;VIA LEOPOLDO NOBILI;in corrispondenza;;del civico n.;34;;Scontro laterale fra veicoli in marcia;Rettilineo;Una carreggiata a senso unico di marcia;Asciutto;Asfaltata;Verticale ed orizzontale;Sereno;Normale;Buona;Ore Diurne;1;0;0;1;12.4722;41.8568;-1;1;Autovettura privata;In marcia / fermata / arresto;Conducente;M;Illeso;0;;;
4360396;11;06/05/2019 15:10:00;Strada Urbana;VIA LEOPOLDO NOBILI;in corrispondenza;;del civico n.;34;;Scontro laterale fra veicoli in marcia;Rettilineo;Una carreggiata a senso unico di marcia;Asciutto;Asfaltata;Verticale ed orizzontale;Sereno;Normale;Buona;Ore Diurne;1;0;0;1;12.4722;41.8568;-1;2;Motociclo a solo;In marcia / fermata / arresto;Conducente;F;Rifiuta cure immediate;0;NON DECEDUTO;;
4360396;11;06/05/2019 15:10:00;Strada Urbana;VIA LEOPOLDO NOBILI;in corrispondenza;;del civico n.;34;;Scontro laterale fra veicoli in marcia;Rettilineo;Una carreggiata a senso unico di marcia;Asciutto;Asfaltata;Verticale ed orizzontale;Sereno;Normale;Buona;Ore Diurne;1;0;0;1;12.4722;41.8568;-1;3;Autovettura privata;Sosta;;;;;;;
4360408;8;06/05/2019 16:45:00;Strada Urbana;VIA CASILINA;in prossimità;;del civico n.;1829;;Tamponamento Multiplo;Rettilineo;Una carreggiata a doppio senso;Asciutto;Asfaltata;Verticale ed orizzontale;Sereno;Intenso;Buona;Ore Diurne;3;0;0;4;12.6855;41.8628;-1;1;Autovettura privata;In marcia / fermata / arresto;Conducente;M;Rifiuta cure immediate;0;NON DECEDUTO;;
4360408;8;06/05/2019 16:45:00;Strada Urbana;VIA CASILINA;in prossimità;;del civico n.;1829;;Tamponamento Multiplo;Rettilineo;Una carreggiata a doppio senso;Asciutto;Asfaltata;Verticale ed orizzontale;Sereno;Intenso;Buona;Ore Diurne;3;0;0;4;12.6855;41.8628;-1;1;Autovettura privata;In marcia / fermata / arresto;Passeggero;F;Illeso;0;;;
4360408;8;06/05/2019 16:45:00;Strada Urbana;VIA CASILINA;in prossimità;;del civico n.;1829;;Tamponamento Multiplo;Rettilineo;Una carreggiata a doppio senso;Asciutto;Asfaltata;Verticale ed orizzontale;Sereno;Intenso;Buona;Ore Diurne;3;0;0;4;12.6855;41.8628;-1;1;Autovettura privata;In marcia / fermata / arresto;Passeggero;F;Illeso;0;;;
4360408;8;06/05/2019 16:45:00;Strada Urbana;VIA CASILINA;in prossimità;;del civico n.;1829;;Tamponamento Multiplo;Rettilineo;Una carreggiata a doppio senso;Asciutto;Asfaltata;Verticale ed orizzontale;Sereno;Intenso;Buona;Ore Diurne;3;0;0;4;12.6855;41.8628;-1;2;Autovettura privata;In marcia / fermata / arresto;Conducente;M;Illeso;0;;;
4360408;8;06/05/2019 16:45:00;Strada Urbana;VIA CASILINA;in prossimità;;del civico n.;1829;;Tamponamento Multiplo;Rettilineo;Una carreggiata a doppio senso;Asciutto;Asfaltata;Verticale ed orizzontale;Sereno;Intenso;Buona;Ore Diurne;3;0;0;4;12.6855;41.8628;-1;2;Autovettura privata;In marcia / fermata / arresto;Passeggero;M;Rifiuta cure immediate;0;NON DECEDUTO;;
4360408;8;06/05/2019 16:45:00;Strada Urbana;VIA CASILINA;in prossimità;;del civico n.;1829;;Tamponamento Multiplo;Rettilineo;Una carreggiata a doppio senso;Asciutto;Asfaltata;Verticale ed orizzontale;Sereno;Intenso;Buona;Ore Diurne;3;0;0;4;12.6855;41.8628;-1;3;Autovettura privata;In marcia / fermata / arresto;Conducente;M;Illeso;0;;;
4360408;8;06/05/2019 16:45:00;Strada Urbana;VIA CASILINA;in prossimità;;del civico n.;1829;;Tamponamento Multiplo;Rettilineo;Una carreggiata a doppio senso;Asciutto;Asfaltata;Verticale ed orizzontale;Sereno;Intenso;Buona;Ore Diurne;3;0;0;4;12.6855;41.8628;-1;3;Autovettura privata;In marcia / fermata / arresto;Passeggero;F;Rifiuta cure immediate;0;NON DECEDUTO;;
4360419;20;06/05/2019 07:30:00;Regionale entro l'abitato;VIA FLAMINIA;in prossimità;;del civico n.;1113;;Scontro laterale fra veicoli in marcia;Rettilineo;Due carreggiate;Bagnato (umidità in atto);Asfaltata;Verticale ed orizzontale;Nuvoloso;Intenso;Buona;Ore Diurne;0;0;0;2;12.4717;41.9418;-1;1;Autoarticolato;In marcia / fermata / arresto;Conducente;M;Illeso;0;;Non accertato;Inesploso
4360419;20;06/05/2019 07:30:00;Regionale entro l'abitato;VIA FLAMINIA;in prossimità;;del civico n.;1113;;Scontro laterale fra veicoli in marcia;Rettilineo;Due carreggiate;Bagnato (umidità in atto);Asfaltata;Verticale ed orizzontale;Nuvoloso;Intenso;Buona;Ore Diurne;0;0;0;2;12.4717;41.9418;-1;2;Autovettura privata;In marcia / fermata / arresto;Conducente;M;Illeso;0;;Non accertato;Inesploso
4360422;8;06/05/2019 16:45:00;Strada Urbana;VIA DI CARCARICOLA;da specificare;;;;FRONTE CIV. 29;Veicolo in marcia contro veicolo in sosta;Rettilineo;Una carreggiata a doppio senso;Asciutto;Asfaltata;Verticale;Sereno;Normale;Buona;Ore Diurne;0;0;0;3;12.6135;41.8554;-1;1;Autovettura privata;In marcia / fermata / arresto;Conducente;F;Illeso;0;;Non accertato;Inesploso
4360422;8;06/05/2019 16:45:00;Strada Urbana;VIA DI CARCARICOLA;da specificare;;;;FRONTE CIV. 29;Veicolo in marcia contro veicolo in sosta;Rettilineo;Una carreggiata a doppio senso;Asciutto;Asfaltata;Verticale;Sereno;Normale;Buona;Ore Diurne;0;0;0;3;12.6135;41.8554;-1;1;Autovettura privata;In marcia / fermata / arresto;Passeggero;F;Illeso;0;;Non accertato;Inesploso
4360422;8;06/05/2019 16:45:00;Strada Urbana;VIA DI CARCARICOLA;da specificare;;;;FRONTE CIV. 29;Veicolo in marcia contro veicolo in sosta;Rettilineo;Una carreggiata a doppio senso;Asciutto;Asfaltata;Verticale;Sereno;Normale;Buona;Ore Diurne;0;0;0;3;12.6135;41.8554;-1;1;Autovettura privata;In marcia / fermata / arresto;Passeggero;F;Illeso;0;;Non accertato;Inesploso
4360422;8;06/05/2019 16:45:00;Strada Urbana;VIA DI CARCARICOLA;da specificare;;;;FRONTE CIV. 29;Veicolo in marcia contro veicolo in sosta;Rettilineo;Una carreggiata a doppio senso;Asciutto;Asfaltata;Verticale;Sereno;Normale;Buona;Ore Diurne;0;0;0;3;12.6135;41.8554;-1;2;Autovettura privata;Sosta;;;;;;;
4360429;10;06/05/2019 15:50:00;Strada Urbana;VIA MASO FINIGUERRA;all'intersezione con;VIA GABRIELE NAPODANO;VIA GABRIELE NAPODANO;;;Scontro frontale/laterale DX fra veicoli in marcia;Incrocio;Una carreggiata a doppio senso;Asciutto;Asfaltata;Verticale ed orizzontale;Nuvoloso;Normale;Buona;Ore Diurne;0;0;0;2;12.6052;41.8392;-1;1;Autovettura privata;In marcia / fermata / arresto;Conducente;F;Illeso;0;;Non accertato;Inesploso
4360429;10;06/05/2019 15:50:00;Strada Urbana;VIA MASO FINIGUERRA;all'intersezione con;VIA GABRIELE NAPODANO;VIA GABRIELE NAPODANO;;;Scontro frontale/laterale DX fra veicoli in marcia;Incrocio;Una carreggiata a doppio senso;Asciutto;Asfaltata;Verticale ed orizzontale;Nuvoloso;Normale;Buona;Ore Diurne;0;0;0;2;12.6052;41.8392;-1;2;Autovettura privata;In marcia / fermata / arresto;Conducente;M;Illeso;0;;Non accertato;Inesploso
4360432;8;06/05/2019 13:20:00;;VIA DI SALONE;da specificare;;;;50 MT PRIMA DI VIA CIPOLLETTI DIR. TIBURTINA;Veicolo in marcia contro ostacolo fisso;;;;;;;;;;0;0;0;1;;;0;1;Autovettura pubblica;In marcia / fermata / arresto;Conducente;F;Illeso;0;;;
4360440;1;05/05/2019 07:00:00;Strada Urbana;VIA MARSALA;in prossimità;;del civico n.;54;;Scontro frontale fra veicoli in marcia;Rettilineo;Due carreggiate;Asciutto;Asfaltata;Verticale ed orizzontale;Nuvoloso;Scarso;Buona;Ore Diurne;2;0;0;1;12.5032;41.9019;-1;1;Autocarro inferiore 35 q.;In marcia / fermata / arresto;Conducente;M;Illeso;0;;Non accertato;Inesploso
4360440;1;05/05/2019 07:00:00;Strada Urbana;VIA MARSALA;in prossimità;;del civico n.;54;;Scontro frontale fra veicoli in marcia;Rettilineo;Due carreggiate;Asciutto;Asfaltata;Verticale ed orizzontale;Nuvoloso;Scarso;Buona;Ore Diurne;2;0;0;1;12.5032;41.9019;-1;2;Autovettura di polizia;In marcia / fermata / arresto;Conducente;M;Rifiuta cure immediate;0;NON DECEDUTO;Non accertato;Inesploso
4360440;1;05/05/2019 07:00:00;Strada Urbana;VIA MARSALA;in prossimità;;del civico n.;54;;Scontro frontale fra veicoli in marcia;Rettilineo;Due carreggiate;Asciutto;Asfaltata;Verticale ed orizzontale;Nuvoloso;Scarso;Buona;Ore Diurne;2;0;0;1;12.5032;41.9019;-1;2;Autovettura di polizia;In marcia / fermata / arresto;Passeggero;M;Rifiuta cure immediate;0;NON DECEDUTO;Non accertato;Inesploso
4360443;17;06/05/2019 15:45:00;Strada Urbana;PIAZZA WALTER ROSSI;da specificare;;;;fronte civico 18;Scontro laterale fra veicoli in marcia;Rotatoria;Una carreggiata a senso unico di marcia;Asciutto;Asfaltata;Verticale ed orizzontale;Sereno;Normale;Buona;Ore Diurne;0;0;0;2;12.443;41.9348;-1;1;Autovettura privata;In marcia / fermata / arresto;Conducente;M;Illeso;0;;;
4360443;17;06/05/2019 15:45:00;Strada Urbana;PIAZZA WALTER ROSSI;da specificare;;;;fronte civico 18;Scontro laterale fra veicoli in marcia;Rotatoria;Una carreggiata a senso unico di marcia;Asciutto;Asfaltata;Verticale ed orizzontale;Sereno;Normale;Buona;Ore Diurne;0;0;0;2;12.443;41.9348;-1;2;Autovettura privata;In marcia / fermata / arresto;Conducente;M;Illeso;0;;;
4360453;19;06/05/2019 14:20:00;Strada Urbana;VIA GIUSEPPE BARELLAI;da specificare;;;;senza numero civico (area parcheggio pubblico);Scontro laterale fra veicoli in marcia;Rotatoria;Una carreggiata a doppio senso;Asciutto;Asfaltata;Assente;Sereno;Scarso;Buona;Ore Diurne;0;0;0;2;12.4115;41.9426;-1;1;Autovettura privata;In marcia / fermata / arresto;Conducente;F;Illeso;0;;Non accertato;Inesploso
4360453;19;06/05/2019 14:20:00;Strada Urbana;VIA GIUSEPPE BARELLAI;da specificare;;;;senza numero civico (area parcheggio pubblico);Scontro laterale fra veicoli in marcia;Rotatoria;Una carreggiata a doppio senso;Asciutto;Asfaltata;Assente;Sereno;Scarso;Buona;Ore Diurne;0;0;0;2;12.4115;41.9426;-1;2;Autovettura privata;In marcia / fermata / arresto;Conducente;F;Illeso;0;;Non accertato;Inesploso
4360453;19;06/05/2019 14:20:00;Strada Urbana;VIA GIUSEPPE BARELLAI;da specificare;;;;senza numero civico (area parcheggio pubblico);Scontro laterale fra veicoli in marcia;Rotatoria;Una carreggiata a doppio senso;Asciutto;Asfaltata;Assente;Sereno;Scarso;Buona;Ore Diurne;0;0;0;2;12.4115;41.9426;-1;3;Autovettura privata;Sosta;;;;;;;
4360456;20;06/05/2019 10:45:00;Strada Urbana;VIA DEL FORO ITALICO;in prossimità;;del palo luce n.;229;;Tamponamento Multiplo;Rettilineo;Due carreggiate;Asciutto;Asfaltata;Verticale ed orizzontale;Nuvoloso;Normale;Buona;Ore Diurne;0;0;0;3;12.4828;41.94;-1;1;Autocarro inferiore 35 q.;In marcia / fermata / arresto;Conducente;M;Illeso;0;;Non accertato;Inesploso
4360456;20;06/05/2019 10:45:00;Strada Urbana;VIA DEL FORO ITALICO;in prossimità;;del palo luce n.;229;;Tamponamento Multiplo;Rettilineo;Due carreggiate;Asciutto;Asfaltata;Verticale ed orizzontale;Nuvoloso;Normale;Buona;Ore Diurne;0;0;0;3;12.4828;41.94;-1;2;Autovettura privata;In marcia / fermata / arresto;Conducente;M;Illeso;0;;Non accertato;Inesploso
4360456;20;06/05/2019 10:45:00;Strada Urbana;VIA DEL FORO ITALICO;in prossimità;;del palo luce n.;229;;Tamponamento Multiplo;Rettilineo;Due carreggiate;Asciutto;Asfaltata;Verticale ed orizzontale;Nuvoloso;Normale;Buona;Ore Diurne;0;0;0;3;12.4828;41.94;-1;3;Autovettura privata;In marcia / fermata / arresto;Conducente;M;Illeso;0;;Non accertato;Inesploso
4360459;9;06/05/2019 21:50:00;Strada Urbana;VIALE PALMIRO TOGLIATTI;all'intersezione semaforizzata con;VIA FILIPPO SERAFINI;VIA FILIPPO SERAFINI;;;Scontro frontale/laterale SX fra veicoli in marcia;Incrocio;Una carreggiata a doppio senso;Asciutto;Asfaltata;Verticale ed orizzontale;Sereno;Scarso;Sufficiente;Sufficiente;3;0;0;1;12.5701;41.8608;-1;1;Autovettura privata;In marcia / fermata / arresto;Conducente;M;Rimandato;0;NON DECEDUTO;Non accertato;Inesploso
4360459;9;06/05/2019 21:50:00;Strada Urbana;VIALE PALMIRO TOGLIATTI;all'intersezione semaforizzata con;VIA FILIPPO SERAFINI;VIA FILIPPO SERAFINI;;;Scontro frontale/laterale SX fra veicoli in marcia;Incrocio;Una carreggiata a doppio senso;Asciutto;Asfaltata;Verticale ed orizzontale;Sereno;Scarso;Sufficiente;Sufficiente;3;0;0;1;12.5701;41.8608;-1;2;Autovettura privata;In marcia / fermata / arresto;Conducente;M;Illeso;0;;Non accertato;Inesploso
4360459;9;06/05/2019 21:50:00;Strada Urbana;VIALE PALMIRO TOGLIATTI;all'intersezione semaforizzata con;VIA FILIPPO SERAFINI;VIA FILIPPO SERAFINI;;;Scontro frontale/laterale SX fra veicoli in marcia;Incrocio;Una carreggiata a doppio senso;Asciutto;Asfaltata;Verticale ed orizzontale;Sereno;Scarso;Sufficiente;Sufficiente;3;0;0;1;12.5701;41.8608;-1;2;Autovettura privata;In marcia / fermata / arresto;Passeggero;M;Rimandato;0;NON DECEDUTO;Non accertato;Inesploso
4360459;9;06/05/2019 21:50:00;Strada Urbana;VIALE PALMIRO TOGLIATTI;all'intersezione semaforizzata con;VIA FILIPPO SERAFINI;VIA FILIPPO SERAFINI;;;Scontro frontale/laterale SX fra veicoli in marcia;Incrocio;Una carreggiata a doppio senso;Asciutto;Asfaltata;Verticale ed orizzontale;Sereno;Scarso;Sufficiente;Sufficiente;3;0;0;1;12.5701;41.8608;-1;2;Autovettura privata;In marcia / fermata / arresto;Passeggero;M;Rimandato;0;NON DECEDUTO;Non accertato;Inesploso
4360459;9;06/05/2019 21:50:00;Strada Urbana;VIALE PALMIRO TOGLIATTI;all'intersezione semaforizzata con;VIA FILIPPO SERAFINI;VIA FILIPPO SERAFINI;;;Scontro frontale/laterale SX fra veicoli in marcia;Incrocio;Una carreggiata a doppio senso;Asciutto;Asfaltata;Verticale ed orizzontale;Sereno;Scarso;Sufficiente;Sufficiente;3;0;0;1;12.5701;41.8608;-1;3;Autovettura privata;Sosta;;;;;;;
4360459;9;06/05/2019 21:50:00;Strada Urbana;VIALE PALMIRO TOGLIATTI;all'intersezione semaforizzata con;VIA FILIPPO SERAFINI;VIA FILIPPO SERAFINI;;;Scontro frontale/laterale SX fra veicoli in marcia;Incrocio;Una carreggiata a doppio senso;Asciutto;Asfaltata;Verticale ed orizzontale;Sereno;Scarso;Sufficiente;Sufficiente;3;0;0;1;12.5701;41.8608;-1;4;Autovettura privata;Sosta;;;;;;;
4360463;8;06/05/2019 11:05:00;Strada Urbana;VIA DI TOR BELLA MONACA;da specificare;;;;100 MT PRIMA DI VIA QUAGLIA;Tamponamento;Rettilineo;Due carreggiate;Asciutto;Asfaltata;Verticale ed orizzontale;Sereno;Scarso;Buona;Ore Diurne;0;0;1;1;12.6379;41.8675;-1;1;Autovettura privata;In marcia / fermata / arresto;Conducente;F;Illeso;0;;Non accertato;Inesploso
4360463;8;06/05/2019 11:05:00;Strada Urbana;VIA DI TOR BELLA MONACA;da specificare;;;;100 MT PRIMA DI VIA QUAGLIA;Tamponamento;Rettilineo;Due carreggiate;Asciutto;Asfaltata;Verticale ed orizzontale;Sereno;Scarso;Buona;Ore Diurne;0;0;1;1;12.6379;41.8675;-1;2;Altro;In marcia / fermata / arresto;Conducente;F;Ricoverato;0;DECEDUTO DA 13 A 24 ORE DOPO;;
4360467;6;06/05/2019 18:40:00;Strada Urbana;VIA DI ACQUA BULLICANTE;in prossimità;;del civico n.;36;;Veicolo in marcia contro veicolo fermo;Rettilineo;Una carreggiata a doppio senso;Asciutto;Asfaltata;Verticale ed orizzontale;Sereno;Normale;Buona;Ore Diurne;0;0;0;2;12.5432;41.8829;-1;1;Autovettura privata;In marcia / fermata / arresto;Conducente;F;Illeso;0;;;
4360467;6;06/05/2019 18:40:00;Strada Urbana;VIA DI ACQUA BULLICANTE;in prossimità;;del civico n.;36;;Veicolo in marcia contro veicolo fermo;Rettilineo;Una carreggiata a doppio senso;Asciutto;Asfaltata;Verticale ed orizzontale;Sereno;Normale;Buona;Ore Diurne;0;0;0;2;12.5432;41.8829;-1;2;Autocarro inferiore 35 q.;In marcia / fermata / arresto;Conducente;M;Illeso;0;;;
4360474;20;06/05/2019 08:10:00;Strada Urbana;VIA DEL PONTE DI CASTEL GIUBILEO;all'intersezione con;VIA ANTONIO TARGIONI TOZZETTI;VIA ANTONIO TARGIONI TOZZETTI;;;Scontro frontale fra veicoli in marcia;Incrocio;Una carreggiata a doppio senso;Asciutto;Asfaltata;Assente;Nuvoloso;Scarso;Buona;Ore Diurne;0;0;0;3;12.4971;41.9864;-1;1;Veicolo speciale;In marcia / fermata / arresto;Conducente;M;Illeso;0;;;
4360474;20;06/05/2019 08:10:00;Strada Urbana;VIA DEL PONTE DI CASTEL GIUBILEO;all'intersezione con;VIA ANTONIO TARGIONI TOZZETTI;VIA ANTONIO TARGIONI TOZZETTI;;;Scontro frontale fra veicoli in marcia;Incrocio;Una carreggiata a doppio senso;Asciutto;Asfaltata;Assente;Nuvoloso;Scarso;Buona;Ore Diurne;0;0;0;3;12.4971;41.9864;-1;1;Veicolo speciale;In marcia / fermata / arresto;Passeggero;M;Illeso;0;;;
4360474;20;06/05/2019 08:10:00;Strada Urbana;VIA DEL PONTE DI CASTEL GIUBILEO;all'intersezione con;VIA ANTONIO TARGIONI TOZZETTI;VIA ANTONIO TARGIONI TOZZETTI;;;Scontro frontale fra veicoli in marcia;Incrocio;Una carreggiata a doppio senso;Asciutto;Asfaltata;Assente;Nuvoloso;Scarso;Buona;Ore Diurne;0;0;0;3;12.4971;41.9864;-1;2;Autocarro inferiore 35 q.;In marcia / fermata / arresto;Conducente;M;Illeso;0;;;
4360486;7;06/05/2019 09:00:00;Strada Urbana;VIA DEI SALICI;in corrispondenza;;del civico n.;8;;Veicolo in marcia contro veicolo in sosta;Rettilineo;Una carreggiata a senso unico di marcia;Asciutto;Asfaltata;Assente;Nuvoloso;Scarso;Sufficiente;Ore Diurne;0;0;0;1;12.5729;41.8763;-1;1;Autovettura privata;In marcia / fermata / arresto;Conducente;M;Illeso;0;;;
4360486;7;06/05/2019 09:00:00;Strada Urbana;VIA DEI SALICI;in corrispondenza;;del civico n.;8;;Veicolo in marcia contro veicolo in sosta;Rettilineo;Una carreggiata a senso unico di marcia;Asciutto;Asfaltata;Assente;Nuvoloso;Scarso;Sufficiente;Ore Diurne;0;0;0;1;12.5729;41.8763;-1;2;Autovettura privata;Sosta;;;;;;;
4360487;19;06/05/2019 14:30:00;Strada Urbana;VIA DELLA STORTA;da specificare;;;;prossimità fronte Via Mezzenile;Tamponamento Multiplo;Rettilineo;Una carreggiata a doppio senso;Asciutto;Asfaltata;Assente;Sereno;Intenso;Buona;Ore Diurne;1;0;0;3;12.3512;41.9312;-1;1;Autovettura privata;In marcia / fermata / arresto;Conducente;M;Illeso;0;;Non accertato;
4360487;19;06/05/2019 14:30:00;Strada Urbana;VIA DELLA STORTA;da specificare;;;;prossimità fronte Via Mezzenile;Tamponamento Multiplo;Rettilineo;Una carreggiata a doppio senso;Asciutto;Asfaltata;Assente;Sereno;Intenso;Buona;Ore Diurne;1;0;0;3;12.3512;41.9312;-1;1;Autovettura privata;In marcia / fermata / arresto;Passeggero;M;Illeso;0;;Non accertato;
4360487;19;06/05/2019 14:30:00;Strada Urbana;VIA DELLA STORTA;da specificare;;;;prossimità fronte Via Mezzenile;Tamponamento Multiplo;Rettilineo;Una carreggiata a doppio senso;Asciutto;Asfaltata;Assente;Sereno;Intenso;Buona;Ore Diurne;1;0;0;3;12.3512;41.9312;-1;2;Autovettura privata;In marcia / fermata / arresto;Conducente;M;Rimandato;0;NON DECEDUTO;Non accertato;
4360487;19;06/05/2019 14:30:00;Strada Urbana;VIA DELLA STORTA;da specificare;;;;prossimità fronte Via Mezzenile;Tamponamento Multiplo;Rettilineo;Una carreggiata a doppio senso;Asciutto;Asfaltata;Assente;Sereno;Intenso;Buona;Ore Diurne;1;0;0;3;12.3512;41.9312;-1;3;Autovettura privata;In marcia / fermata / arresto;Conducente;F;Illeso;0;;Non accertato;
4360489;5;06/05/2019 08:30:00;Strada Urbana;VIA S.GIOVANNI IN ARGENTELLA;all'intersezione con;VIA POPPEA SABINA;VIA POPPEA SABINA;;;Scontro laterale fra veicoli in marcia;Intersezione non regolata/non segnalata;Una carreggiata a doppio senso;Asciutto;Asfaltata;Verticale ed orizzontale;Sereno;Normale;Buona;Ore Diurne;0;0;0;4;12.602;41.9498;-1;1;Autovettura privata;In marcia / fermata / arresto;Conducente;F;Illeso;0;;Non accertato;Inesploso