Protocollo;Gruppo;DataOraIncidente;Localizzazione1;STRADA1;Localizzazione2;STRADA2;Strada02;Chilometrica;DaSpecificare;NaturaIncidente;particolaritastrade;TipoStrada;FondoStradale;Pavimentazione;Segnaletica;CondizioneAtmosferica;Traffico;Visibilita;Illuminazione;NUM_FERITI;NUM_RISERVATA;NUM_MORTI;NUM_ILLESI;Longitudine;Latitudine;Confermato;Progressivo;TipoVeicolo;StatoVeicolo;TipoPersona;Sesso;Tipolesione;Deceduto;DecedutoDopo;CinturaCascoUtilizzato;Airbag;
4390363;5;23/05/2019 12:15:00;Strada Urbana;VIA DEI MONTI DI PIETRALATA;in prossimità;;del civico n.;51;;Veicolo in marcia contro veicolo in sosta;Rettilineo;Una carreggiata a senso unico di marcia;Asciutto;Asfaltata;Verticale ed orizzontale;Sereno;Normale;Buona;Ore Diurne;0;0;0;0;12.5362;41.9109;-1;2;Autovettura privata;Allontanatosi;;;;;;;
4390370;12;24/05/2019 09:00:00;Strada Urbana;VIA CRISTOFORO COLOMBO;da specificare;;;;dir. Roma altezza laghettoEur;Tamponamento Multiplo;Rettilineo;Una carreggiata a senso unico di marcia;Asciutto;Asfaltata;Verticale ed orizzontale;Sereno;Intenso;Buona;Ore Diurne;0;0;0;3;12.4697;41.8268;-1;1;Veicolo speciale;In marcia / fermata / arresto;Conducente;M;Illeso;0;;Utilizzato;Inesploso
4390370;12;24/05/2019 09:00:00;Strada Urbana;VIA CRISTOFORO COLOMBO;da specificare;;;;dir. Roma altezza laghettoEur;Tamponamento Multiplo;Rettilineo;Una carreggiata a senso unico di marcia;Asciutto;Asfaltata;Verticale ed orizzontale;Sereno;Intenso;Buona;Ore Diurne;0;0;0;3;12.4697;41.8268;-1;2;Autovettura privata;In marcia / fermata / arresto;Conducente;F;Illeso;0;;Non accertato;Inesploso
4390370;12;24/05/2019 09:00:00;Strada Urbana;VIA CRISTOFORO COLOMBO;da specificare;;;;dir. Roma altezza laghettoEur;Tamponamento Multiplo;Rettilineo;Una carreggiata a senso unico di marcia;Asciutto;Asfaltata;Verticale ed orizzontale;Sereno;Intenso;Buona;Ore Diurne;0;0;0;3;12.4697;41.8268;-1;3;Autovettura privata;In marcia / fermata / arresto;Conducente;M;Illeso;0;;Non accertato;Inesploso
4390374;5;23/05/2019 14:40:00;;VIA TIBURTINA;da specificare;;;;ALTEZZA VIA SACCOMURO;Scontro laterale fra veicoli in marcia;;;;;;;;;;0;0;0;0;12.6093;41.935;0;1;Autovettura privata;In marcia / fermata / arresto;;;;;;;
4390374;5;23/05/2019 14:40:00;;VIA TIBURTINA;da specificare;;;;ALTEZZA VIA SACCOMURO;Scontro laterale fra veicoli in marcia;;;;;;;;;;0;0;0;0;12.6093;41.935;0;2;Autovettura privata;In marcia / fermata / arresto;;;;;;;
4390381;5;23/05/2019 17:45:00;Strada Urbana;VIA CORINALDO;all'intersezione con;VIA MAIOLATI;VIA MAIOLATI;;;Scontro frontale/laterale DX fra veicoli in marcia;Intersezione stradale segnalata;Una carreggiata a senso unico di marcia;Asciutto;Asfaltata;Verticale;Nuvoloso;Scarso;Buona;Ore Diurne;2;0;0;1;12.5841;41.9366;-1;1;Autovettura privata;In marcia / fermata / arresto;Conducente;F;Illeso;0;;Non accertato;Inesploso
4390381;5;23/05/2019 17:45:00;Strada Urbana;VIA CORINALDO;all'intersezione con;VIA MAIOLATI;VIA MAIOLATI;;;Scontro frontale/laterale DX fra veicoli in marcia;Intersezione stradale segnalata;Una carreggiata a senso unico di marcia;Asciutto;Asfaltata;Verticale;Nuvoloso;Scarso;Buona;Ore Diurne;2;0;0;1;12.5841;41.9366;-1;2;Autovettura privata;In marcia / fermata / arresto;Conducente;F;Rimandato;0;NON DECEDUTO;Non accertato;Esploso
4390381;5;23/05/2019 17:45:00;Strada Urbana;VIA CORINALDO;all'intersezione con;VIA MAIOLATI;VIA MAIOLATI;;;Scontro frontale/laterale DX fra veicoli in marcia;Intersezione stradale segnalata;Una carreggiata a senso unico di marcia;Asciutto;Asfaltata;Verticale;Nuvoloso;Scarso;Buona;Ore Diurne;2;0;0;1;12.5841;41.9366;-1;2;Autovettura privata;In marcia / fermata / arresto;Passeggero;F;Rimandato;0;NON DECEDUTO;Non accertato;Esploso
4390385;2;24/05/2019 02:00:00;Strada Urbana;VIA DEGLI SCIALOJA;da specificare;;;;prox VIA PISANELLI;Veicolo in marcia contro veicolo in sosta;Rettilineo;Una carreggiata a senso unico di marcia;Asciutto;Asfaltata;Verticale ed orizzontale;Nuvoloso;Scarso;Sufficiente;Sufficiente;0;0;0;0;12.4736;41.9134;-1;1;Motociclo a solo;Sosta;;;;;;;
4390388;4;23/05/2019 08:40:00;Strada Urbana;VIA DELLE ISOLE CURZOLANE;all'intersezione con;VIA MONTE ROCCHETTA;VIA MONTE ROCCHETTA;;;Scontro laterale fra veicoli in marcia;Incrocio;Una carreggiata a doppio senso;Asciutto;Asfaltata;Verticale ed orizzontale;Sereno;Normale;Buona;Ore Diurne;0;0;0;2;12.5328;41.9491;-1;1;Autovettura privata;In marcia / fermata / arresto;Conducente;M;Illeso;0;;Non accertato;Inesploso
4390388;4;23/05/2019 08:40:00;Strada Urbana;VIA DELLE ISOLE CURZOLANE;all'intersezione con;VIA MONTE ROCCHETTA;VIA MONTE ROCCHETTA;;;Scontro laterale fra veicoli in marcia;Incrocio;Una carreggiata a doppio senso;Asciutto;Asfaltata;Verticale ed orizzontale;Sereno;Normale;Buona;Ore Diurne;0;0;0;2;12.5328;41.9491;-1;2;Motociclo a solo;In marcia / fermata / arresto;Conducente;M;Illeso;0;;Non accertato;
4390391;7;24/05/2019 07:50:00;Strada Urbana;VIA DEI MELI;in corrispondenza;;del civico n.;6;;Veicolo in marcia contro ostacolo accidentale;Rettilineo;Una carreggiata a doppio senso;Asciutto;Asfaltata;Assente;Sereno;Normale;Buona;Ore Diurne;0;0;0;2;12.5745;41.8808;-1;1;Autovettura privata;In marcia / fermata / arresto;Conducente;F;Illeso;0;;;
4390391;7;24/05/2019 07:50:00;Strada Urbana;VIA DEI MELI;in corrispondenza;;del civico n.;6;;Veicolo in marcia contro ostacolo accidentale;Rettilineo;Una carreggiata a doppio senso;Asciutto;Asfaltata;Assente;Sereno;Normale;Buona;Ore Diurne;0;0;0;2;12.5745;41.8808;-1;1;Autovettura privata;In marcia / fermata / arresto;Passeggero;F;Illeso;0;;;
4390429;2;19/05/2019 20:30:00;Strada Urbana;VIALE MARESCIALLO PILSUDSKI;all'intersezione semaforizzata con;VIA GIULIO GAUDINI;VIA GIULIO GAUDINI;;;Scontro laterale fra veicoli in marcia;Intersezione semaforizzata;Una carreggiata a doppio senso;Asciutto;Asfaltata;Verticale ed orizzontale;Sereno;Normale;Buona;Ore Diurne;1;0;0;1;12.475;41.9275;-1;1;Ciclomotore;In marcia / fermata / arresto;Conducente;M;Rifiuta cure immediate;0;NON DECEDUTO;Non accertato;
4390429;2;19/05/2019 20:30:00;Strada Urbana;VIALE MARESCIALLO PILSUDSKI;all'intersezione semaforizzata con;VIA GIULIO GAUDINI;VIA GIULIO GAUDINI;;;Scontro laterale fra veicoli in marcia;Intersezione semaforizzata;Una carreggiata a doppio senso;Asciutto;Asfaltata;Verticale ed orizzontale;Sereno;Normale;Buona;Ore Diurne;1;0;0;1;12.475;41.9275;-1;2;Motociclo a solo;In marcia / fermata / arresto;Conducente;M;Illeso;0;;;
4390441;3;23/05/2019 13:00:00;Strada Urbana;VIA LAZZARO SPALLANZANI;in prossimità;;del civico n.;5;;Scontro laterale fra veicoli in marcia;Rettilineo;Una carreggiata a doppio senso;Asciutto;Asfaltata;Orizzontale;Sereno;Scarso;Buona;Ore Diurne;1;0;0;1;12.5119;41.9115;-1;1;Motociclo a solo;In marcia / fermata / arresto;Conducente;F;Rimandato;0;NON DECEDUTO;;
4390441;3;23/05/2019 13:00:00;Strada Urbana;VIA LAZZARO SPALLANZANI;in prossimità;;del civico n.;5;;Scontro laterale fra veicoli in marcia;Rettilineo;Una carreggiata a doppio senso;Asciutto;Asfaltata;Orizzontale;Sereno;Scarso;Buona;Ore Diurne;1;0;0;1;12.5119;41.9115;-1;2;Autovettura privata;In marcia / fermata / arresto;Conducente;F;Illeso;0;;;
4390445;7;23/05/2019 11:00:00;Strada Urbana;VIA DELLA RUSTICA;in corrispondenza;;del civico n.;232 A;;Scontro frontale/laterale DX fra veicoli in marcia;Rettilineo;Una carreggiata a doppio senso;Asciutto;Asfaltata;Assente;Sereno;Normale;Buona;Ore Diurne;1;0;0;1;12.6085;41.9128;-1;1;Motociclo a solo;In marcia / fermata / arresto;Conducente;M;Rimandato;0;NON DECEDUTO;Non accertato;
4390445;7;23/05/2019 11:00:00;Strada Urbana;VIA DELLA RUSTICA;in corrispondenza;;del civico n.;232 A;;Scontro frontale/laterale DX fra veicoli in marcia;Rettilineo;Una carreggiata a doppio senso;Asciutto;Asfaltata;Assente;Sereno;Normale;Buona;Ore Diurne;1;0;0;1;12.6085;41.9128;-1;2;Autovettura privata;In marcia / fermata / arresto;Conducente;F;Illeso;0;;;
4390445;7;23/05/2019 11:00:00;Strada Urbana;VIA DELLA RUSTICA;in corrispondenza;;del civico n.;232 A;;Scontro frontale/laterale DX fra veicoli in marcia;Rettilineo;Una carreggiata a doppio senso;Asciutto;Asfaltata;Assente;Sereno;Normale;Buona;Ore Diurne;1;0;0;1;12.6085;41.9128;-1;3;Autovettura privata;Sosta;;;;;;;
4390455;12;23/05/2019 08:50:00;Strada Urbana;VIA SALVATORE QUASIMODO;all'intersezione con;VIA GIUSEPPE TOMASI DI LAMPEDUSA;VIA GIUSEPPE TOMASI DI LAMPEDUSA;;;Scontro frontale/laterale DX fra veicoli in marcia;Incrocio;Una carreggiata a doppio senso;Asciutto;Asfaltata;Verticale ed orizzontale;Sereno;Scarso;Buona;Ore Diurne;0;0;0;2;12.4714;41.816;-1;1;Autovettura privata;In marcia / fermata / arresto;Conducente;M;Illeso;0;;Utilizzato;Inesploso
4390455;12;23/05/2019 08:50:00;Strada Urbana;VIA SALVATORE QUASIMODO;all'intersezione con;VIA GIUSEPPE TOMASI DI LAMPEDUSA;VIA GIUSEPPE TOMASI DI LAMPEDUSA;;;Scontro frontale/laterale DX fra veicoli in marcia;Incrocio;Una carreggiata a doppio senso;Asciutto;Asfaltata;Verticale ed orizzontale;Sereno;Scarso;Buona;Ore Diurne;0;0;0;2;12.4714;41.816;-1;2;Autovettura privata;In marcia / fermata / arresto;Conducente;F;Illeso;0;;Utilizzato;Inesploso
4390456;2;23/05/2019 17:30:00;Strada Urbana;VIA METAURO;all'intersezione con;VIA TIRSO;VIA TIRSO;;;Veicolo in marcia contro veicolo in sosta;Incrocio;Una carreggiata a senso unico di marcia;Asciutto;Asfaltata;Verticale ed orizzontale;Nuvoloso;Normale;Buona;Ore Diurne;0;0;0;1;12.4987;41.9183;-1;1;Autovettura privata;In marcia / fermata / arresto;Conducente;F;Illeso;0;;;
4390456;2;23/05/2019 17:30:00;Strada Urbana;VIA METAURO;all'intersezione con;VIA TIRSO;VIA TIRSO;;;Veicolo in marcia contro veicolo in sosta;Incrocio;Una carreggiata a senso unico di marcia;Asciutto;Asfaltata;Verticale ed orizzontale;Nuvoloso;Normale;Buona;Ore Diurne;0;0;0;1;12.4987;41.9183;-1;2;Autovettura privata;Sosta;;;;;;;
4390471;2;23/05/2019 12:45:00;Strada Urbana;VIA PO;all'intersezione semaforizzata con;VIA GREGORIO ALLEGRI;VIA GREGORIO ALLEGRI;;;Scontro laterale fra veicoli in marcia;Intersezione semaforizzata;Una carreggiata a doppio senso;Asciutto;Asfaltata;Verticale ed orizzontale;Sereno;Scarso;Buona;Ore Diurne;0;0;0;3;12.4959;41.9151;-1;1;Autovettura privata;In marcia / fermata / arresto;Conducente;M;Illeso;0;;Non accertato;Inesploso
4390471;2;23/05/2019 12:45:00;Strada Urbana;VIA PO;all'intersezione semaforizzata con;VIA GREGORIO ALLEGRI;VIA GREGORIO ALLEGRI;;;Scontro laterale fra veicoli in marcia;Intersezione semaforizzata;Una carreggiata a doppio senso;Asciutto;Asfaltata;Verticale ed orizzontale;Sereno;Scarso;Buona;Ore Diurne;0;0;0;3;12.4959;41.9151;-1;2;Autovettura privata;In marcia / fermata / arresto;Conducente;F;Illeso;0;;Non accertato;Inesploso
4390471;2;23/05/2019 12:45:00;Strada Urbana;VIA PO;all'intersezione semaforizzata con;VIA GREGORIO ALLEGRI;VIA GREGORIO ALLEGRI;;;Scontro laterale fra veicoli in marcia;Intersezione semaforizzata;Una carreggiata a doppio senso;Asciutto;Asfaltata;Verticale ed orizzontale;Sereno;Scarso;Buona;Ore Diurne;0;0;0;3;12.4959;41.9151;-1;2;Autovettura privata;In marcia / fermata / arresto;Passeggero;F;Illeso;0;;Non accertato;Inesploso
4390474;2;23/05/2019 10:40:00;Strada Urbana;VIALE DEL MURO TORTO;da specificare;;;;altezza palo Acea n. 17;Veicolo in marcia contro ostacolo accidentale;Curva a visuale libera;Due carreggiate;Viscido da liquidi oleosi;Asfaltata;Orizzontale;Sereno;Normale;Buona;Ore Diurne;0;0;0;1;12.4817;41.9107;-1;1;Motociclo a solo;In marcia / fermata / arresto;Conducente;M;Illeso;0;;Non accertato;
4390477;8;23/05/2019 10:25:00;Strada Urbana;VIA CASILINA;all'intersezione con;VIA DI TOR VERGATA;VIA DI TOR VERGATA;;;Tamponamento;Intersezione semaforizzata;Una carreggiata a doppio senso;Asciutto;Asfaltata;Verticale ed orizzontale;Sereno;Normale;Buona;Ore Diurne;0;0;0;4;9.644;45.397;-1;1;Autovettura privata;In marcia / fermata / arresto;Conducente;M;Illeso;0;;Non accertato;Inesploso
4390477;8;23/05/2019 10:25:00;Strada Urbana;VIA CASILINA;all'intersezione con;VIA DI TOR VERGATA;VIA DI TOR VERGATA;;;Tamponamento;Intersezione semaforizzata;Una carreggiata a doppio senso;Asciutto;Asfaltata;Verticale ed orizzontale;Sereno;Normale;Buona;Ore Diurne;0;0;0;4;9.644;45.397;-1;2;Autovettura privata;In marcia / fermata / arresto;Conducente;M;Illeso;0;;Non accertato;Inesploso
4390477;8;23/05/2019 10:25:00;Strada Urbana;VIA CASILINA;all'intersezione con;VIA DI TOR VERGATA;VIA DI TOR VERGATA;;;Tamponamento;Intersezione semaforizzata;Una carreggiata a doppio senso;Asciutto;Asfaltata;Verticale ed orizzontale;Sereno;Normale;Buona;Ore Diurne;0;0;0;4;9.644;45.397;-1;2;Autovettura privata;In marcia / fermata / arresto;Passeggero;M;Illeso;0;;Non accertato;
4390477;8;23/05/2019 10:25:00;Strada Urbana;VIA CASILINA;all'intersezione con;VIA DI TOR VERGATA;VIA DI TOR VERGATA;;;Tamponamento;Intersezione semaforizzata;Una carreggiata a doppio senso;Asciutto;Asfaltata;Verticale ed orizzontale;Sereno;Normale;Buona;Ore Diurne;0;0;0;4;9.644;45.397;-1;2;Autovettura privata;In marcia / fermata / arresto;Passeggero;F;Illeso;0;;Non accertato;
4390490;8;23/05/2019 08:00:00;Strada Urbana;VIA STANFORD;all'intersezione con;VIALE DELLA SORBONA;VIALE DELLA SORBONA;;;Tamponamento;Intersezione stradale segnalata;Una carreggiata a doppio senso;Asciutto;Asfaltata;Verticale ed orizzontale;Sereno;Normale;Buona;Ore Diurne;0;0;0;4;12.608;41.852;-1;1;Autovettura privata;In marcia / fermata / arresto;Conducente;F;Illeso;0;;Non accertato;Inesploso
4390490;8;23/05/2019 08:00:00;Strada Urbana;VIA STANFORD;all'intersezione con;VIALE DELLA SORBONA;VIALE DELLA SORBONA;;;Tamponamento;Intersezione stradale segnalata;Una carreggiata a doppio senso;Asciutto;Asfaltata;Verticale ed orizzontale;Sereno;Normale;Buona;Ore Diurne;0;0;0;4;12.608;41.852;-1;1;Autovettura privata;In marcia / fermata / arresto;Passeggero;F;Illeso;0;;Non accertato;
4390490;8;23/05/2019 08:00:00;Strada Urbana;VIA STANFORD;all'intersezione con;VIALE DELLA SORBONA;VIALE DELLA SORBONA;;;Tamponamento;Intersezione stradale segnalata;Una carreggiata a doppio senso;Asciutto;Asfaltata;Verticale ed orizzontale;Sereno;Normale;Buona;Ore Diurne;0;0;0;4;12.608;41.852;-1;1;Autovettura privata;In marcia / fermata / arresto;Passeggero;F;Illeso;0;;Non accertato;
4390490;8;23/05/2019 08:00:00;Strada Urbana;VIA STANFORD;all'intersezione con;VIALE DELLA SORBONA;VIALE DELLA SORBONA;;;Tamponamento;Intersezione stradale segnalata;Una carreggiata a doppio senso;Asciutto;Asfaltata;Verticale ed orizzontale;Sereno;Normale;Buona;Ore Diurne;0;0;0;4;12.608;41.852;-1;2;Autovettura privata;In marcia / fermata / arresto;Conducente;M;Illeso;0;;;Inesploso
4390491;17;23/05/2019 19:20:00;Strada Urbana;VIA OVIDIO;all'intersezione con;VIA CATULLO;VIA CATULLO;;;Scontro frontale/laterale DX fra veicoli in marcia;Incrocio;Una carreggiata a senso unico di marcia;Asciutto;Asfaltata;Verticale ed orizzontale;Sereno;Normale;Buona;Ore Diurne;1;0;0;1;12.4644;41.9066;-1;1;Autovettura privata;In marcia / fermata / arresto;Conducente;M;Illeso;0;;;
4390491;17;23/05/2019 19:20:00;Strada Urbana;VIA OVIDIO;all'intersezione con;VIA CATULLO;VIA CATULLO;;;Scontro frontale/laterale DX fra veicoli in marcia;Incrocio;Una carreggiata a senso unico di marcia;Asciutto;Asfaltata;Verticale ed orizzontale;Sereno;Normale;Buona;Ore Diurne;1;0;0;1;12.4644;41.9066;-1;2;Velocipede;In marcia / fermata / arresto;Conducente;F;Rimandato;0;NON DECEDUTO;Esente;
4390495;8;23/05/2019 12:45:00;Strada Urbana;VIA UGO GIOVANNOZZI;all'intersezione con;VIA ROBERT MALLET;VIA ROBERT MALLET;;;Scontro frontale/laterale SX fra veicoli in marcia;Incrocio;Una carreggiata a doppio senso;Asciutto;Asfaltata;Assente;Sereno;Scarso;Buona;Ore Diurne;0;0;0;3;12.6516;41.9111;-1;1;Autovettura privata;In marcia / fermata / arresto;Conducente;M;Illeso;0;;Non accertato;Inesploso
4390495;8;23/05/2019 12:45:00;Strada Urbana;VIA UGO GIOVANNOZZI;all'intersezione con;VIA ROBERT MALLET;VIA ROBERT MALLET;;;Scontro frontale/laterale SX fra veicoli in marcia;Incrocio;Una carreggiata a doppio senso;Asciutto;Asfaltata;Assente;Sereno;Scarso;Buona;Ore Diurne;0;0;0;3;12.6516;41.9111;-1;1;Autovettura privata;In marcia / fermata / arresto;Passeggero;F;Illeso;0;;Non accertato;Inesploso
4390495;8;23/05/2019 12:45:00;Strada Urbana;VIA UGO GIOVANNOZZI;all'intersezione con;VIA ROBERT MALLET;VIA ROBERT MALLET;;;Scontro frontale/laterale SX fra veicoli in marcia;Incrocio;Una carreggiata a doppio senso;Asciutto;Asfaltata;Assente;Sereno;Scarso;Buona;Ore Diurne;0;0;0;3;12.6516;41.9111;-1;2;Autovettura privata;In marcia / fermata / arresto;Conducente;F;Illeso;0;;Non accertato;Inesploso
4390496;4;23/05/2019 12:30:00;Strada Urbana;VIA FRANCO SIMONGINI;all'intersezione con;VIA DELLA BUFALOTTA;VIA DELLA BUFALOTTA;;;Tamponamento;Intersezione stradale segnalata;Due carreggiate;Asciutto;Asfaltata;Verticale ed orizzontale;Sereno;Normale;Buona;Ore Diurne;0;0;0;2;12.5486;41.9599;-1;1;Autovettura privata;In marcia / fermata / arresto;Conducente;F;Illeso;0;;;
4390496;4;23/05/2019 12:30:00;Strada Urbana;VIA FRANCO SIMONGINI;all'intersezione con;VIA DELLA BUFALOTTA;VIA DELLA BUFALOTTA;;;Tamponamento;Intersezione stradale segnalata;Due carreggiate;Asciutto;Asfaltata;Verticale ed orizzontale;Sereno;Normale;Buona;Ore Diurne;0;0;0;2;12.5486;41.9599;-1;2;Autovettura privata;In marcia / fermata / arresto;Conducente;M;Illeso;0;;;
4390498;8;24/05/2019 01:05:00;Strada Urbana;VIA DELLA RISERVA NUOVA;in prossimità;;del civico n.;141;;Veicolo in marcia contro ostacolo fisso;Rettilineo;Una carreggiata a doppio senso;Asciutto;Asfaltata;Verticale ed orizzontale;Nuvoloso;Scarso;Sufficiente;Sufficiente;1;0;0;0;12.6802;41.8952;-1;1;Quadriciclo;In marcia / fermata / arresto;Conducente;M;Rimandato;0;NON DECEDUTO;;
4390498;8;24/05/2019 01:05:00;Strada Urbana;VIA DELLA RISERVA NUOVA;in prossimità;;del civico n.;141;;Veicolo in marcia contro ostacolo fisso;Rettilineo;Una carreggiata a doppio senso;Asciutto;Asfaltata;Verticale ed orizzontale;Nuvoloso;Scarso;Sufficiente;Sufficiente;1;0;0;0;12.6802;41.8952;-1;2;Autovettura privata;Allontanatosi;;;;;;;
4390500;3;23/05/2019 17:15:00;Strada Urbana;VIALE DEL POLICLINICO;all'intersezione semaforizzata con;PIAZZA GIROLAMO FABRIZIO;PIAZZA GIROLAMO FABRIZIO;;;Scontro laterale fra veicoli in marcia;Incrocio;Una carreggiata a doppio senso;Asciutto;Asfaltata;Verticale ed orizzontale;Sereno;Normale;Buona;Ore Diurne;0;0;0;3;12.5083;41.9092;-1;1;Autocarro inferiore 35 q.;In marcia / fermata / arresto;Conducente;M;Illeso;0;;Non accertato;
4390500;3;23/05/2019 17:15:00;Strada Urbana;VIALE DEL POLICLINICO;all'intersezione semaforizzata con;PIAZZA GIROLAMO FABRIZIO;PIAZZA GIROLAMO FABRIZIO;;;Scontro laterale fra veicoli in marcia;Incrocio;Una carreggiata a doppio senso;Asciutto;Asfaltata;Verticale ed orizzontale;Sereno;Normale;Buona;Ore Diurne;0;0;0;3;12.5083;41.9092;-1;2;Autovettura privata;In marcia / fermata / arresto;Conducente;M;Illeso;0;;Non accertato;
4390500;3;23/05/2019 17:15:00;Strada Urbana;VIALE DEL POLICLINICO;all'intersezione semaforizzata con;PIAZZA GIROLAMO FABRIZIO;PIAZZA GIROLAMO FABRIZIO;;;Scontro laterale fra veicoli in marcia;Incrocio;Una carreggiata a doppio senso;Asciutto;Asfaltata;Verticale ed orizzontale;Sereno;Normale;Buona;Ore Diurne;0;0;0;3;12.5083;41.9092;-1;2;Autovettura privata;In marcia / fermata / arresto;Passeggero;F;Illeso;0;;Non accertato;
4390502;2;23/05/2019 19:20:00;Strada Urbana;PIAZZA DELLA MARINA;in corrispondenza;;del civico n.;24;;Veicolo in marcia contro ostacolo fisso;Rettilineo;Una carreggiata a senso unico di marcia;Asciutto;Asfaltata;Verticale ed orizzontale;Sereno;Normale;Buona;Ore Diurne;0;0;0;1;12.4738;41.9166;-1;1;Autovettura privata;In marcia / fermata / arresto;Conducente;M;Illeso;0;;Non accertato;Esploso
4390504;12;23/05/2019 19:20:00;Strada Urbana;VIA FIUME BIANCO;in corrispondenza;;del civico n.;77;;Scontro frontale/laterale DX fra veicoli in marcia;Rettilineo;Una carreggiata a doppio senso;Asciutto;Asfaltata;Verticale ed orizzontale;Sereno;Scarso;Buona;Ore Diurne;0;0;0;3;12.4416;41.8145;-1;1;Autovettura privata;In marcia / fermata / arresto;Conducente;F;Illeso;0;;Non accertato;
4390504;12;23/05/2019 19:20:00;Strada Urbana;VIA FIUME BIANCO;in corrispondenza;;del civico n.;77;;Scontro frontale/laterale DX fra veicoli in marcia;Rettilineo;Una carreggiata a doppio senso;Asciutto;Asfaltata;Verticale ed orizzontale;Sereno;Scarso;Buona;Ore Diurne;0;0;0;3;12.4416;41.8145;-1;1;Autovettura privata;In marcia / fermata / arresto;Passeggero;M;Illeso;0;;Non accertato;
4390504;12;23/05/2019 19:20:00;Strada Urbana;VIA FIUME BIANCO;in corrispondenza;;del civico n.;77;;Scontro frontale/laterale DX fra veicoli in marcia;Rettilineo;Una carreggiata a doppio senso;Asciutto;Asfaltata;Verticale ed orizzontale;Sereno;Scarso;Buona;Ore Diurne;0;0;0;3;12.4416;41.8145;-1;2;Autovettura privata;In marcia / fermata / arresto;Conducente;F;Illeso;0;;Non accertato;
4390512;10;24/05/2019 09:20:00;Strada Urbana;VIA LUCREZIA ROMANA;in prossimità;;del civico n.;fr 142;;Veicolo in marcia contro ostacolo fisso;Rettilineo;Una carreggiata a doppio senso;Asciutto;Con buche;Verticale ed orizzontale;Sereno;Normale;Buona;Ore Diurne;0;0;0;1;12.5866;41.8238;-1;1;Autovettura privata;In marcia / fermata / arresto;Conducente;F;Illeso;0;;Non accertato;Inesploso
4390518;2;23/05/2019 18:00:00;Strada Urbana;VIA NOMENTANA;in prossimità;;del civico n.;FR. 363;;Tamponamento Multiplo;Rettilineo;Una carreggiata a doppio senso;Asciutto;Asfaltata;Orizzontale;Sereno;Intenso;Buona;Ore Diurne;0;0;0;3;12.5728;41.9579;-1;1;Autovettura privata;In marcia / fermata / arresto;Conducente;F;Illeso;0;;Non accertato;Inesploso
4390518;2;23/05/2019 18:00:00;Strada Urbana;VIA NOMENTANA;in prossimità;;del civico n.;FR. 363;;Tamponamento Multiplo;Rettilineo;Una carreggiata a doppio senso;Asciutto;Asfaltata;Orizzontale;Sereno;Intenso;Buona;Ore Diurne;0;0;0;3;12.5728;41.9579;-1;2;Autocarro inferiore 35 q.;In marcia / fermata / arresto;Conducente;M;Illeso;0;;Non accertato;Inesploso
4390518;2;23/05/2019 18:00:00;Strada Urbana;VIA NOMENTANA;in prossimità;;del civico n.;FR. 363;;Tamponamento Multiplo;Rettilineo;Una carreggiata a doppio senso;Asciutto;Asfaltata;Orizzontale;Sereno;Intenso;Buona;Ore Diurne;0;0;0;3;12.5728;41.9579;-1;3;Autovettura privata;In marcia / fermata / arresto;Conducente;F;Illeso;0;;Non accertato;Inesploso
4390529;13;24/05/2019 10:15:00;Strada Urbana;VIA GIANCARLO PASSERONI;da specificare;;;;prossimità  entrata ospedale G. Passeroni;Veicolo in marcia contro veicolo in sosta;Rettilineo;Una carreggiata a doppio senso;Asciutto;Asfaltata;Orizzontale;Sereno;Normale;Buona;Ore Diurne;0;0;0;2;12.2981;41.7296;-1;1;Autovettura privata;In marcia / fermata / arresto;Conducente;M;Illeso;0;;Non accertato;Inesploso
4390529;13;24/05/2019 10:15:00;Strada Urbana;VIA GIANCARLO PASSERONI;da specificare;;;;prossimità  entrata ospedale G. Passeroni;Veicolo in marcia contro veicolo in sosta;Rettilineo;Una carreggiata a doppio senso;Asciutto;Asfaltata;Orizzontale;Sereno;Normale;Buona;Ore Diurne;0;0;0;2;12.2981;41.7296;-1;2;Autovettura privata;Sosta;Passeggero;M;Illeso;0;;Non accertato;Inesploso
4390542;2;23/05/2019 18:45:00;Strada Urbana;VIA SALARIA;in prossimità;;del civico n.;494;;Scontro frontale fra veicoli in marcia;Rettilineo;Una carreggiata a doppio senso;Asciutto;Asfaltata;Verticale;Sereno;Normale;Buona;Ore Diurne;0;0;0;3;12.5091;41.9353;-1;1;Autovettura privata;In marcia / fermata / arresto;Conducente;M;Illeso;0;;Non accertato;Inesploso
4390542;2;23/05/2019 18:45:00;Strada Urbana;VIA SALARIA;in prossimità;;del civico n.;494;;Scontro frontale fra veicoli in marcia;Rettilineo;Una carreggiata a doppio senso;Asciutto;Asfaltata;Verticale;Sereno;Normale;Buona;Ore Diurne;0;0;0;3;12.5091;41.9353;-1;1;Autovettura privata;In marcia / fermata / arresto;Passeggero;F;Illeso;0;;Non accertato;Inesploso
4390542;2;23/05/2019 18:45:00;Strada Urbana;VIA SALARIA;in prossimità;;del civico n.;494;;Scontro frontale fra veicoli in marcia;Rettilineo;Una carreggiata a doppio senso;Asciutto;Asfaltata;Verticale;Sereno;Normale;Buona;Ore Diurne;0;0;0;3;12.5091;41.9353;-1;2;Motociclo a solo;In marcia / fermata / arresto;Conducente;M;Illeso;0;;Non accertato;