Protocollo;Gruppo;DataOraIncidente;Localizzazione1;STRADA1;Localizzazione2;STRADA2;Strada02;Chilometrica;DaSpecificare;NaturaIncidente;particolaritastrade;TipoStrada;FondoStradale;Pavimentazione;Segnaletica;CondizioneAtmosferica;Traffico;Visibilita;Illuminazione;NUM_FERITI;NUM_RISERVATA;NUM_MORTI;NUM_ILLESI;Longitudine;Latitudine;Confermato;Progressivo;TipoVeicolo;StatoVeicolo;TipoPersona;Sesso;Tipolesione;Deceduto;DecedutoDopo;CinturaCascoUtilizzato;Airbag;
4393480;2;26/05/2019 08:15:00;Strada Urbana;VIA SALARIA;da specificare;;;;prossimità Via Panama;Tamponamento;Rettilineo;Una carreggiata a senso unico di marcia;Bagnato (pioggia);Asfaltata;Verticale ed orizzontale;Pioggia in atto;Scarso;Buona;Ore Diurne;1;0;0;2;12.5025;41.9231;-1;2;Autovettura privata;In marcia / fermata / arresto;Conducente;M;Illeso;0;;;
4393480;2;26/05/2019 08:15:00;Strada Urbana;VIA SALARIA;da specificare;;;;prossimità Via Panama;Tamponamento;Rettilineo;Una carreggiata a senso unico di marcia;Bagnato (pioggia);Asfaltata;Verticale ed orizzontale;Pioggia in atto;Scarso;Buona;Ore Diurne;1;0;0;2;12.5025;41.9231;-1;2;Autovettura privata;In marcia / fermata / arresto;Passeggero;F;Rimandato;0;NON DECEDUTO;Non accertato;Inesploso
4393540;20;26/05/2019 13:10:00;Strada Urbana;PIAZZA LAURO DE BOSIS;da specificare;;;;prossimità via L. Franchetti;Veicolo in marcia contro veicolo arresto;Rettilineo;Una carreggiata a doppio senso;Bagnato (pioggia);Asfaltata;Verticale ed orizzontale;Pioggia in atto;Scarso;Buona;Ore Diurne;0;0;0;3;12.4586;41.9316;-1;1;Autovettura di polizia;In marcia / fermata / arresto;Conducente;M;Illeso;0;;Non accertato;Inesploso
4393540;20;26/05/2019 13:10:00;Strada Urbana;PIAZZA LAURO DE BOSIS;da specificare;;;;prossimità via L. Franchetti;Veicolo in marcia contro veicolo arresto;Rettilineo;Una carreggiata a doppio senso;Bagnato (pioggia);Asfaltata;Verticale ed orizzontale;Pioggia in atto;Scarso;Buona;Ore Diurne;0;0;0;3;12.4586;41.9316;-1;1;Autovettura di polizia;In marcia / fermata / arresto;Passeggero;F;Illeso;0;;Non accertato;Inesploso
4393540;20;26/05/2019 13:10:00;Strada Urbana;PIAZZA LAURO DE BOSIS;da specificare;;;;prossimità via L. Franchetti;Veicolo in marcia contro veicolo arresto;Rettilineo;Una carreggiata a doppio senso;Bagnato (pioggia);Asfaltata;Verticale ed orizzontale;Pioggia in atto;Scarso;Buona;Ore Diurne;0;0;0;3;12.4586;41.9316;-1;2;Autovettura privata;In marcia / fermata / arresto;Conducente;M;Illeso;0;;Non accertato;Inesploso
4393639;6;24/05/2019 21:50:00;Strada Urbana;VIA DEL PIGNETO;all'intersezione semaforizzata con;PIAZZA DEL PIGNETO;PIAZZA DEL PIGNETO;;;Scontro frontale fra veicoli in marcia;Intersezione semaforizzata;Una carreggiata a senso unico di marcia;Asciutto;Asfaltata;Verticale ed orizzontale;Sereno;Scarso;Sufficiente;Sufficiente;1;0;0;1;12.5236;41.8898;-1;1;Autovettura privata;In marcia / fermata / arresto;Conducente;F;Illeso;0;;;
4393639;6;24/05/2019 21:50:00;Strada Urbana;VIA DEL PIGNETO;all'intersezione semaforizzata con;PIAZZA DEL PIGNETO;PIAZZA DEL PIGNETO;;;Scontro frontale fra veicoli in marcia;Intersezione semaforizzata;Una carreggiata a senso unico di marcia;Asciutto;Asfaltata;Verticale ed orizzontale;Sereno;Scarso;Sufficiente;Sufficiente;1;0;0;1;12.5236;41.8898;-1;2;Velocipede;In marcia / fermata / arresto;Conducente;F;Rimandato;0;NON DECEDUTO;Esente;
4393659;20;26/05/2019 15:40:00;Strada Urbana;VIALE DEL FORO ITALICO;da specificare;;;;Sopra cavalcavia direzione Salaria;Ribaltamento senza urto contro ostacolo fisso;Cavalcavia;Due carreggiate;Bagnato (pioggia);Asfaltata;Verticale ed orizzontale;Pioggia in atto;Intenso;Buona;Ore Diurne;0;0;0;1;12.4572;41.9326;-1;1;Autovettura privata;In marcia / fermata / arresto;Conducente;M;Illeso;0;;Non accertato;Inesploso
4393671;6;25/05/2019 00:30:00;Strada Urbana;LARGO BATTIPAGLIA;da specificare;;;;FRONTE CIVICO 15;Veicolo in marcia contro veicoli in sosta;Curva a visuale libera;Una carreggiata a senso unico di marcia;Asciutto;Asfaltata;Verticale ed orizzontale;Sereno;Normale;Sufficiente;Sufficiente;0;0;0;0;12.5528;41.8913;-1;2;Autovettura privata;Sosta;;;;;;;
4393671;6;25/05/2019 00:30:00;Strada Urbana;LARGO BATTIPAGLIA;da specificare;;;;FRONTE CIVICO 15;Veicolo in marcia contro veicoli in sosta;Curva a visuale libera;Una carreggiata a senso unico di marcia;Asciutto;Asfaltata;Verticale ed orizzontale;Sereno;Normale;Sufficiente;Sufficiente;0;0;0;0;12.5528;41.8913;-1;3;Autovettura privata;Sosta;;;;;;;
4393671;6;25/05/2019 00:30:00;Strada Urbana;LARGO BATTIPAGLIA;da specificare;;;;FRONTE CIVICO 15;Veicolo in marcia contro veicoli in sosta;Curva a visuale libera;Una carreggiata a senso unico di marcia;Asciutto;Asfaltata;Verticale ed orizzontale;Sereno;Normale;Sufficiente;Sufficiente;0;0;0;0;12.5528;41.8913;-1;4;Autovettura privata;Sosta;;;;;;;
4393705;6;25/05/2019 09:05:00;Strada Urbana;VIALE GIACOMO AICARDI;da specificare;;;;F.C. 36;Veicolo in marcia contro veicolo in sosta;Rettilineo;Una carreggiata a senso unico di marcia;Asciutto;Asfaltata;Assente;Sereno;Normale;Buona;Ore Diurne;0;0;0;1;12.5404;41.8753;-1;1;Autoarticolato;In marcia / fermata / arresto;Conducente;M;Illeso;0;;;
4393705;6;25/05/2019 09:05:00;Strada Urbana;VIALE GIACOMO AICARDI;da specificare;;;;F.C. 36;Veicolo in marcia contro veicolo in sosta;Rettilineo;Una carreggiata a senso unico di marcia;Asciutto;Asfaltata;Assente;Sereno;Normale;Buona;Ore Diurne;0;0;0;1;12.5404;41.8753;-1;2;Autovettura privata;Sosta;;;;;;;
4393740;6;25/05/2019 13:50:00;Strada Urbana;VIA RENZO DA CERI;all'intersezione con;VIA GABRINO FONDULO;VIA GABRINO FONDULO;;;Scontro frontale/laterale SX fra veicoli in marcia;Incrocio;Una carreggiata a doppio senso;Asciutto;Asfaltata;Verticale ed orizzontale;Nuvoloso;Scarso;Buona;Ore Diurne;0;0;0;2;12.5385;41.8866;-1;1;Autovettura privata;In marcia / fermata / arresto;Conducente;F;Illeso;0;;Non accertato;
4393740;6;25/05/2019 13:50:00;Strada Urbana;VIA RENZO DA CERI;all'intersezione con;VIA GABRINO FONDULO;VIA GABRINO FONDULO;;;Scontro frontale/laterale SX fra veicoli in marcia;Incrocio;Una carreggiata a doppio senso;Asciutto;Asfaltata;Verticale ed orizzontale;Nuvoloso;Scarso;Buona;Ore Diurne;0;0;0;2;12.5385;41.8866;-1;2;Autovettura privata;In marcia / fermata / arresto;Conducente;F;Illeso;0;;Non accertato;
4393740;6;25/05/2019 13:50:00;Strada Urbana;VIA RENZO DA CERI;all'intersezione con;VIA GABRINO FONDULO;VIA GABRINO FONDULO;;;Scontro frontale/laterale SX fra veicoli in marcia;Incrocio;Una carreggiata a doppio senso;Asciutto;Asfaltata;Verticale ed orizzontale;Nuvoloso;Scarso;Buona;Ore Diurne;0;0;0;2;12.5385;41.8866;-1;3;Autovettura privata;Sosta;;;;;;;
4393755;20;26/05/2019 17:50:00;Strada Urbana;VIA DEGLI ORTI DELLA FARNESINA;in corrispondenza;;del civico n.;18/C;;Scontro laterale fra veicoli in marcia;Rettilineo;Una carreggiata a doppio senso;Bagnato (pioggia);Asfaltata;Verticale ed orizzontale;Pioggia in atto;Normale;Buona;Ore Diurne;0;0;0;2;12.4637;41.9398;-1;1;Autovettura privata;In marcia / fermata / arresto;Conducente;M;Illeso;0;;Non accertato;Inesploso
4393755;20;26/05/2019 17:50:00;Strada Urbana;VIA DEGLI ORTI DELLA FARNESINA;in corrispondenza;;del civico n.;18/C;;Scontro laterale fra veicoli in marcia;Rettilineo;Una carreggiata a doppio senso;Bagnato (pioggia);Asfaltata;Verticale ed orizzontale;Pioggia in atto;Normale;Buona;Ore Diurne;0;0;0;2;12.4637;41.9398;-1;2;Motociclo a solo;In marcia / fermata / arresto;Conducente;M;Illeso;0;;Non accertato;
4393783;6;25/05/2019 16:15:00;Strada Urbana;VIA SILVIO BENCO;all'intersezione con;VIA GIORGIO PITACCO;VIA GIORGIO PITACCO;;;Scontro frontale/laterale SX fra veicoli in marcia;Incrocio;Una carreggiata a senso unico di marcia;Asciutto;Asfaltata;Verticale ed orizzontale;Nuvoloso;Scarso;Buona;Ore Diurne;1;0;0;2;12.5475;41.8947;-1;1;Autovettura privata;In marcia / fermata / arresto;Conducente;M;Illeso;0;;;
4393783;6;25/05/2019 16:15:00;Strada Urbana;VIA SILVIO BENCO;all'intersezione con;VIA GIORGIO PITACCO;VIA GIORGIO PITACCO;;;Scontro frontale/laterale SX fra veicoli in marcia;Incrocio;Una carreggiata a senso unico di marcia;Asciutto;Asfaltata;Verticale ed orizzontale;Nuvoloso;Scarso;Buona;Ore Diurne;1;0;0;2;12.5475;41.8947;-1;1;Autovettura privata;In marcia / fermata / arresto;Passeggero;M;Rimandato;0;NON DECEDUTO;;
4393783;6;25/05/2019 16:15:00;Strada Urbana;VIA SILVIO BENCO;all'intersezione con;VIA GIORGIO PITACCO;VIA GIORGIO PITACCO;;;Scontro frontale/laterale SX fra veicoli in marcia;Incrocio;Una carreggiata a senso unico di marcia;Asciutto;Asfaltata;Verticale ed orizzontale;Nuvoloso;Scarso;Buona;Ore Diurne;1;0;0;2;12.5475;41.8947;-1;2;Autovettura privata;In marcia / fermata / arresto;Conducente;M;Illeso;0;;;
4393822;6;25/05/2019 16:20:00;Strada Urbana;VIA AUGUSTO DULCERI;in corrispondenza;;del civico n.;124;;Veicolo in marcia contro veicoli in sosta;Rettilineo;Una carreggiata a doppio senso;Asciutto;Asfaltata;Assente;Nuvoloso;Scarso;Buona;Ore Diurne;0;0;0;1;12.5392;41.8839;-1;1;Autovettura privata;In marcia / fermata / arresto;Conducente;M;Illeso;0;;;
4393822;6;25/05/2019 16:20:00;Strada Urbana;VIA AUGUSTO DULCERI;in corrispondenza;;del civico n.;124;;Veicolo in marcia contro veicoli in sosta;Rettilineo;Una carreggiata a doppio senso;Asciutto;Asfaltata;Assente;Nuvoloso;Scarso;Buona;Ore Diurne;0;0;0;1;12.5392;41.8839;-1;2;Autovettura privata;Sosta;;;;;;;
4393822;6;25/05/2019 16:20:00;Strada Urbana;VIA AUGUSTO DULCERI;in corrispondenza;;del civico n.;124;;Veicolo in marcia contro veicoli in sosta;Rettilineo;Una carreggiata a doppio senso;Asciutto;Asfaltata;Assente;Nuvoloso;Scarso;Buona;Ore Diurne;0;0;0;1;12.5392;41.8839;-1;3;Autovettura privata;Sosta;;;;;;;
4393822;6;25/05/2019 16:20:00;Strada Urbana;VIA AUGUSTO DULCERI;in corrispondenza;;del civico n.;124;;Veicolo in marcia contro veicoli in sosta;Rettilineo;Una carreggiata a doppio senso;Asciutto;Asfaltata;Assente;Nuvoloso;Scarso;Buona;Ore Diurne;0;0;0;1;12.5392;41.8839;-1;4;Autovettura privata;Sosta;;;;;;;
4393855;6;25/05/2019 20:00:00;Strada Urbana;VIA AVELLINO;all'intersezione con;VIA CALTANISSETTA;VIA CALTANISSETTA;;;Veicolo in marcia contro veicolo in sosta;Incrocio;Una carreggiata a senso unico di marcia;Asciutto;Asfaltata;Verticale;Nuvoloso;Scarso;Sufficiente;Sufficiente;0;0;0;2;12.5262;41.8879;-1;1;Autovettura privata;In marcia / fermata / arresto;Conducente;M;Illeso;0;;;
4393855;6;25/05/2019 20:00:00;Strada Urbana;VIA AVELLINO;all'intersezione con;VIA CALTANISSETTA;VIA CALTANISSETTA;;;Veicolo in marcia contro veicolo in sosta;Incrocio;Una carreggiata a senso unico di marcia;Asciutto;Asfaltata;Verticale;Nuvoloso;Scarso;Sufficiente;Sufficiente;0;0;0;2;12.5262;41.8879;-1;1;Autovettura privata;In marcia / fermata / arresto;Passeggero;F;Illeso;0;;;
4393855;6;25/05/2019 20:00:00;Strada Urbana;VIA AVELLINO;all'intersezione con;VIA CALTANISSETTA;VIA CALTANISSETTA;;;Veicolo in marcia contro veicolo in sosta;Incrocio;Una carreggiata a senso unico di marcia;Asciutto;Asfaltata;Verticale;Nuvoloso;Scarso;Sufficiente;Sufficiente;0;0;0;2;12.5262;41.8879;-1;2;Autovettura privata;Sosta;;;;;;;
4393897;6;26/05/2019 03:00:00;Comunale extraurbana;VIA PRENESTINA;all'intersezione con;VIA VICO EQUENSE;VIA VICO EQUENSE;;;Veicolo in marcia contro veicoli in sosta;Incrocio;Una carreggiata a doppio senso;Bagnato (pioggia);Asfaltata;Assente;Nuvoloso;Scarso;Sufficiente;Sufficiente;2;0;0;0;12.6155;41.8933;-1;1;Autovettura privata;In marcia / fermata / arresto;Conducente;F;Rimandato;0;NON DECEDUTO;Non accertato;Esploso
4393897;6;26/05/2019 03:00:00;Comunale extraurbana;VIA PRENESTINA;all'intersezione con;VIA VICO EQUENSE;VIA VICO EQUENSE;;;Veicolo in marcia contro veicoli in sosta;Incrocio;Una carreggiata a doppio senso;Bagnato (pioggia);Asfaltata;Assente;Nuvoloso;Scarso;Sufficiente;Sufficiente;2;0;0;0;12.6155;41.8933;-1;2;Autovettura privata;In marcia / fermata / arresto;Conducente;M;Rimandato;0;NON DECEDUTO;Non accertato;Inesploso
4393897;6;26/05/2019 03:00:00;Comunale extraurbana;VIA PRENESTINA;all'intersezione con;VIA VICO EQUENSE;VIA VICO EQUENSE;;;Veicolo in marcia contro veicoli in sosta;Incrocio;Una carreggiata a doppio senso;Bagnato (pioggia);Asfaltata;Assente;Nuvoloso;Scarso;Sufficiente;Sufficiente;2;0;0;0;12.6155;41.8933;-1;3;Motociclo a solo;Sosta;;;;;;;
4394068;6;27/05/2019 03:15:00;Strada Urbana;VIA CASILINA;da specificare;;;;alt. uscita rampa GRA dir. Centro;Scontro frontale fra veicoli in marcia;Rettilineo;Due carreggiate;Bagnato (pioggia);Asfaltata;Orizzontale;Pioggia in atto;Normale;Buona;Sufficiente;0;0;1;1;12.6006;41.8655;-1;1;Motociclo a solo;In marcia / fermata / arresto;Conducente;M;Deceduto sul posto;-1;;Non accertato;
4394068;6;27/05/2019 03:15:00;Strada Urbana;VIA CASILINA;da specificare;;;;alt. uscita rampa GRA dir. Centro;Scontro frontale fra veicoli in marcia;Rettilineo;Due carreggiate;Bagnato (pioggia);Asfaltata;Orizzontale;Pioggia in atto;Normale;Buona;Sufficiente;0;0;1;1;12.6006;41.8655;-1;2;Autovettura privata;In marcia / fermata / arresto;Conducente;M;Illeso;0;;Non accertato;Inesploso
4394231;9;24/05/2019 15:00:00;Strada Urbana;VIA TEODORO MOMMSEN;in prossimità;;del civico n.;43;;Veicolo in marcia contro veicolo fermo;Rettilineo;Una carreggiata a senso unico di marcia;Asciutto;Asfaltata;Verticale ed orizzontale;Sereno;Normale;Buona;Ore Diurne;0;0;0;2;12.5279;41.8672;-1;1;Autocarro inferiore 35 q.;In marcia / fermata / arresto;Conducente;M;Illeso;0;;;
4394231;9;24/05/2019 15:00:00;Strada Urbana;VIA TEODORO MOMMSEN;in prossimità;;del civico n.;43;;Veicolo in marcia contro veicolo fermo;Rettilineo;Una carreggiata a senso unico di marcia;Asciutto;Asfaltata;Verticale ed orizzontale;Sereno;Normale;Buona;Ore Diurne;0;0;0;2;12.5279;41.8672;-1;2;Autovettura privata;In marcia / fermata / arresto;Conducente;M;Illeso;0;;;
4394231;9;24/05/2019 15:00:00;Strada Urbana;VIA TEODORO MOMMSEN;in prossimità;;del civico n.;43;;Veicolo in marcia contro veicolo fermo;Rettilineo;Una carreggiata a senso unico di marcia;Asciutto;Asfaltata;Verticale ed orizzontale;Sereno;Normale;Buona;Ore Diurne;0;0;0;2;12.5279;41.8672;-1;3;Autovettura privata;Sosta;;;;;;;
4394241;15;25/05/2019 17:30:00;Strada Urbana;VIA DELL'IMBRECCIATO;all'intersezione con;VIA LENIN;VIA LENIN;;;Scontro frontale/laterale SX fra veicoli in marcia;Intersezione stradale segnalata;Una carreggiata a doppio senso;Asciutto;Asfaltata;Verticale ed orizzontale;Nuvoloso;Normale;Buona;Ore Diurne;0;0;0;3;12.4475;41.847;-1;1;Autovettura privata;In marcia / fermata / arresto;Conducente;M;Illeso;0;;Non accertato;Inesploso
4394241;15;25/05/2019 17:30:00;Strada Urbana;VIA DELL'IMBRECCIATO;all'intersezione con;VIA LENIN;VIA LENIN;;;Scontro frontale/laterale SX fra veicoli in marcia;Intersezione stradale segnalata;Una carreggiata a doppio senso;Asciutto;Asfaltata;Verticale ed orizzontale;Nuvoloso;Normale;Buona;Ore Diurne;0;0;0;3;12.4475;41.847;-1;2;Autovettura privata;In marcia / fermata / arresto;Conducente;M;Illeso;0;;Non accertato;Inesploso
4394241;15;25/05/2019 17:30:00;Strada Urbana;VIA DELL'IMBRECCIATO;all'intersezione con;VIA LENIN;VIA LENIN;;;Scontro frontale/laterale SX fra veicoli in marcia;Intersezione stradale segnalata;Una carreggiata a doppio senso;Asciutto;Asfaltata;Verticale ed orizzontale;Nuvoloso;Normale;Buona;Ore Diurne;0;0;0;3;12.4475;41.847;-1;2;Autovettura privata;In marcia / fermata / arresto;Passeggero;M;Illeso;0;;Non accertato;Inesploso
4394244;9;24/05/2019 17:00:00;Strada Urbana;VIA TUSCOLANA;in corrispondenza;;del civico n.;497;;Scontro frontale/laterale DX fra veicoli in marcia;Rettilineo;Due carreggiate;Asciutto;Asfaltata;Verticale ed orizzontale;Sereno;Normale;Buona;Ore Diurne;0;0;0;2;12.5397;41.8681;-1;1;Autovettura privata;In marcia / fermata / arresto;Conducente;M;Illeso;0;;Utilizzato;Inesploso
4394244;9;24/05/2019 17:00:00;Strada Urbana;VIA TUSCOLANA;in corrispondenza;;del civico n.;497;;Scontro frontale/laterale DX fra veicoli in marcia;Rettilineo;Due carreggiate;Asciutto;Asfaltata;Verticale ed orizzontale;Sereno;Normale;Buona;Ore Diurne;0;0;0;2;12.5397;41.8681;-1;2;Motociclo a solo;In marcia / fermata / arresto;Conducente;M;Illeso;0;;Utilizzato;
4394246;15;26/05/2019 09:00:00;Strada Urbana;VIADOTTO DELLA MAGLIANA;da specificare;;;;direz. A91 dopo rampa uscita Via della Magliana;Veicolo in marcia contro ostacolo fisso;Curva senza visuale libera;Due carreggiate;Bagnato (pioggia);Asfaltata;Verticale ed orizzontale;Pioggia in atto;Normale;Buona;Ore Diurne;0;0;0;1;12.4633;41.8419;-1;1;Autovettura privata;In marcia / fermata / arresto;Conducente;M;Illeso;0;;Non accertato;Inesploso
4394252;15;26/05/2019 07:15:00;Strada Urbana;VIADOTTO DELLA MAGLIANA;da specificare;;;;dopo rampa uscita Via della Magliana;Veicolo in marcia contro ostacolo fisso;Curva senza visuale libera;Due carreggiate;Bagnato (pioggia);Asfaltata;Verticale ed orizzontale;Nuvoloso;Scarso;Sufficiente;Ore Diurne;0;0;0;1;12.4633;41.8419;-1;1;Autovettura privata;In marcia / fermata / arresto;Conducente;M;Illeso;0;;Non accertato;Inesploso
4394253;15;26/05/2019 07:30:00;Comunale extraurbana;VIALE RUDOLF DIESEL;in prossimità;;del palo luce n.;1;;Veicolo in marcia contro ostacolo fisso;Curva a visuale libera;Due carreggiate;Bagnato (pioggia);Asfaltata;Verticale ed orizzontale;Pioggia in atto;Scarso;Buona;Ore Diurne;1;0;0;0;12.3177;41.8019;-1;1;Motociclo a solo;In marcia / fermata / arresto;Conducente;M;Ricoverato;0;NON DECEDUTO;Non accertato;
4394260;15;26/05/2019 17:00:00;Strada Urbana;VIA DELLA MAGLIANA;da specificare;;;;fronte civico 191;Tamponamento;Rettilineo;Una carreggiata a doppio senso;Bagnato (pioggia);Asfaltata;Verticale ed orizzontale;Pioggia in atto;Normale;Sufficiente;Ore Diurne;0;0;0;4;12.4196;41.8317;-1;1;Autovettura privata;In marcia / fermata / arresto;Conducente;M;Illeso;0;;Non accertato;
4394260;15;26/05/2019 17:00:00;Strada Urbana;VIA DELLA MAGLIANA;da specificare;;;;fronte civico 191;Tamponamento;Rettilineo;Una carreggiata a doppio senso;Bagnato (pioggia);Asfaltata;Verticale ed orizzontale;Pioggia in atto;Normale;Sufficiente;Ore Diurne;0;0;0;4;12.4196;41.8317;-1;1;Autovettura privata;In marcia / fermata / arresto;Passeggero;M;Illeso;0;;Non accertato;
4394260;15;26/05/2019 17:00:00;Strada Urbana;VIA DELLA MAGLIANA;da specificare;;;;fronte civico 191;Tamponamento;Rettilineo;Una carreggiata a doppio senso;Bagnato (pioggia);Asfaltata;Verticale ed orizzontale;Pioggia in atto;Normale;Sufficiente;Ore Diurne;0;0;0;4;12.4196;41.8317;-1;2;Autovettura privata;In marcia / fermata / arresto;Conducente;M;Illeso;0;;Non accertato;Inesploso
4394260;15;26/05/2019 17:00:00;Strada Urbana;VIA DELLA MAGLIANA;da specificare;;;;fronte civico 191;Tamponamento;Rettilineo;Una carreggiata a doppio senso;Bagnato (pioggia);Asfaltata;Verticale ed orizzontale;Pioggia in atto;Normale;Sufficiente;Ore Diurne;0;0;0;4;12.4196;41.8317;-1;2;Autovettura privata;In marcia / fermata / arresto;Passeggero;F;Illeso;0;;Non accertato;Inesploso
4394267;15;26/05/2019 16:35:00;Strada Urbana;VIA PORTUENSE;in corrispondenza;;del civico n.;851;;Scontro frontale/laterale DX fra veicoli in marcia;Rettilineo;Una carreggiata a doppio senso;Bagnato (pioggia);Asfaltata;Assente;Nuvoloso;Normale;Buona;Ore Diurne;0;0;0;2;12.4112;41.8445;-1;1;Autovettura privata;In marcia / fermata / arresto;Conducente;M;Illeso;0;;;Esploso
4394267;15;26/05/2019 16:35:00;Strada Urbana;VIA PORTUENSE;in corrispondenza;;del civico n.;851;;Scontro frontale/laterale DX fra veicoli in marcia;Rettilineo;Una carreggiata a doppio senso;Bagnato (pioggia);Asfaltata;Assente;Nuvoloso;Normale;Buona;Ore Diurne;0;0;0;2;12.4112;41.8445;-1;2;Autovettura privata;In marcia / fermata / arresto;Conducente;M;Illeso;0;;;Inesploso
4394268;10;26/05/2019 13:00:00;Strada Urbana;VIA TUSCOLANA;all'intersezione semaforizzata con;VIALE PALMIRO TOGLIATTI;VIALE PALMIRO TOGLIATTI;;;Tamponamento;Incrocio;Due carreggiate;Bagnato (pioggia);Asfaltata;Verticale ed orizzontale;Pioggia in atto;Normale;Buona;Ore Diurne;0;0;0;1;12.5701;41.8523;-1;1;Autovettura privata;In marcia / fermata / arresto;Conducente;F;Illeso;0;;Non accertato;
4394270;10;26/05/2019 22:15:00;Strada Urbana;VIA TUSCOLANA;all'intersezione semaforizzata con;PIAZZA DI S. MARIA AUSILIATRICE;PIAZZA DI S. MARIA AUSILIATRICE;;;Tamponamento;Intersezione semaforizzata;Due carreggiate;Bagnato (pioggia);Asfaltata;Verticale ed orizzontale;Pioggia in atto;Normale;Sufficiente;Insufficiente;1;0;0;2;12.5302;41.8737;-1;1;Autovettura privata;In marcia / fermata / arresto;Conducente;M;Illeso;0;;Non accertato;Inesploso
4394270;10;26/05/2019 22:15:00;Strada Urbana;VIA TUSCOLANA;all'intersezione semaforizzata con;PIAZZA DI S. MARIA AUSILIATRICE;PIAZZA DI S. MARIA AUSILIATRICE;;;Tamponamento;Intersezione semaforizzata;Due carreggiate;Bagnato (pioggia);Asfaltata;Verticale ed orizzontale;Pioggia in atto;Normale;Sufficiente;Insufficiente;1;0;0;2;12.5302;41.8737;-1;1;Autovettura privata;In marcia / fermata / arresto;Passeggero;F;Rimandato;0;NON DECEDUTO;Non accertato;Inesploso
4394270;10;26/05/2019 22:15:00;Strada Urbana;VIA TUSCOLANA;all'intersezione semaforizzata con;PIAZZA DI S. MARIA AUSILIATRICE;PIAZZA DI S. MARIA AUSILIATRICE;;;Tamponamento;Intersezione semaforizzata;Due carreggiate;Bagnato (pioggia);Asfaltata;Verticale ed orizzontale;Pioggia in atto;Normale;Sufficiente;Insufficiente;1;0;0;2;12.5302;41.8737;-1;2;Autovettura privata;In marcia / fermata / arresto;Conducente;M;Illeso;0;;Non accertato;Inesploso
4394272;13;26/05/2019 04:00:00;Strada Urbana;VIA DI DRAGONCELLO;in corrispondenza;;del civico n.;4;;Veicolo in marcia contro veicolo in sosta;Rettilineo;Una carreggiata a doppio senso;Asciutto;Asfaltata;Verticale ed orizzontale;Nuvoloso;Normale;Buona;Sufficiente;0;0;0;0;12.3501;41.7801;-1;1;Autovettura privata;Sosta;;;;;;;
4394272;13;26/05/2019 04:00:00;Strada Urbana;VIA DI DRAGONCELLO;in corrispondenza;;del civico n.;4;;Veicolo in marcia contro veicolo in sosta;Rettilineo;Una carreggiata a doppio senso;Asciutto;Asfaltata;Verticale ed orizzontale;Nuvoloso;Normale;Buona;Sufficiente;0;0;0;0;12.3501;41.7801;-1;2;Autovettura privata;In marcia / fermata / arresto;;;;;;;
4394276;15;26/05/2019 00:50:00;Strada Urbana;VIA LUIGI CANDONI;in corrispondenza;;del civico n.;102;;Veicolo in marcia contro ostacolo fisso;Rettilineo;Una carreggiata a doppio senso;Bagnato (pioggia);Asfaltata;Orizzontale;Pioggia in atto;Scarso;Buona;Sufficiente;1;0;0;0;12.4154;41.8289;-1;1;Autobus urbano;In marcia / fermata / arresto;Conducente;M;Rifiuta cure immediate;0;NON DECEDUTO;Non accertato;Inesploso
4394279;13;26/05/2019 09:40:00;Strada Urbana;CORSO DUCA DI GENOVA;all'intersezione semaforizzata con;VIA GIULIANO DA SANGALLO;VIA GIULIANO DA SANGALLO;;;Scontro frontale/laterale SX fra veicoli in marcia;Intersezione semaforizzata;Una carreggiata a doppio senso;Bagnato (pioggia);Asfaltata;Verticale ed orizzontale;Nuvoloso;Normale;Buona;Ore Diurne;0;0;0;3;12.2715;41.7339;-1;1;Autovettura privata;In marcia / fermata / arresto;Conducente;M;Illeso;0;;Non accertato;Inesploso
4394279;13;26/05/2019 09:40:00;Strada Urbana;CORSO DUCA DI GENOVA;all'intersezione semaforizzata con;VIA GIULIANO DA SANGALLO;VIA GIULIANO DA SANGALLO;;;Scontro frontale/laterale SX fra veicoli in marcia;Intersezione semaforizzata;Una carreggiata a doppio senso;Bagnato (pioggia);Asfaltata;Verticale ed orizzontale;Nuvoloso;Normale;Buona;Ore Diurne;0;0;0;3;12.2715;41.7339;-1;2;Autovettura privata;In marcia / fermata / arresto;Conducente;M;Illeso;0;;Non accertato;Inesploso
4394279;13;26/05/2019 09:40:00;Strada Urbana;CORSO DUCA DI GENOVA;all'intersezione semaforizzata con;VIA GIULIANO DA SANGALLO;VIA GIULIANO DA SANGALLO;;;Scontro frontale/laterale SX fra veicoli in marcia;Intersezione semaforizzata;Una carreggiata a doppio senso;Bagnato (pioggia);Asfaltata;Verticale ed orizzontale;Nuvoloso;Normale;Buona;Ore Diurne;0;0;0;3;12.2715;41.7339;-1;2;Autovettura privata;In marcia / fermata / arresto;Passeggero;F;Illeso;0;;Non accertato;Inesploso
4394283;5;24/05/2019 14:55:00;Strada Urbana;VIA RIPA TEATINA;in corrispondenza;;del civico n.;18;;Investimento di pedone;Rettilineo;Una carreggiata a senso unico di marcia;Asciutto;Asfaltata;Verticale ed orizzontale;Sereno;Normale;Buona;Ore Diurne;1;0;0;0;12.5731;41.9248;0;;;;Pedone;F;Rimandato;0;NON DECEDUTO;;