Protocollo;Gruppo;DataOraIncidente;Localizzazione1;STRADA1;Localizzazione2;STRADA2;Strada02;Chilometrica;DaSpecificare;NaturaIncidente;particolaritastrade;TipoStrada;FondoStradale;Pavimentazione;Segnaletica;CondizioneAtmosferica;Traffico;Visibilita;Illuminazione;NUM_FERITI;NUM_RISERVATA;NUM_MORTI;NUM_ILLESI;Longitudine;Latitudine;Confermato;Progressivo;TipoVeicolo;StatoVeicolo;TipoPersona;Sesso;Tipolesione;Deceduto;DecedutoDopo;CinturaCascoUtilizzato;Airbag;
4394285;13;26/05/2019 06:30:00;Strada Urbana;VIA SALORNO;in corrispondenza;;del palo luce n.;42;;Veicolo in marcia contro ostacolo fisso;Pianeggiante;Una carreggiata a doppio senso;Asciutto;Asfaltata;Assente;Sereno;Scarso;Sufficiente;Sufficiente;0;0;0;1;12.3682;41.7303;-1;1;Autovettura privata;In marcia / fermata / arresto;Conducente;M;Illeso;0;;Non accertato;Inesploso
4394289;13;26/05/2019 12:20:00;;VIA DELLE SIRENE;all'intersezione con;VIA CLIMENE;VIA CLIMENE;;;Scontro frontale/laterale SX fra veicoli in marcia;;;;;;;;;;0;0;0;6;12.2713;41.734;0;1;Autovettura privata;In marcia / fermata / arresto;Conducente;F;Illeso;0;;Non accertato;Inesploso
4394289;13;26/05/2019 12:20:00;;VIA DELLE SIRENE;all'intersezione con;VIA CLIMENE;VIA CLIMENE;;;Scontro frontale/laterale SX fra veicoli in marcia;;;;;;;;;;0;0;0;6;12.2713;41.734;0;1;Autovettura privata;In marcia / fermata / arresto;Passeggero;M;Illeso;0;;Non accertato;Inesploso
4394289;13;26/05/2019 12:20:00;;VIA DELLE SIRENE;all'intersezione con;VIA CLIMENE;VIA CLIMENE;;;Scontro frontale/laterale SX fra veicoli in marcia;;;;;;;;;;0;0;0;6;12.2713;41.734;0;1;Autovettura privata;In marcia / fermata / arresto;Passeggero;F;Illeso;0;;Non accertato;Inesploso
4394289;13;26/05/2019 12:20:00;;VIA DELLE SIRENE;all'intersezione con;VIA CLIMENE;VIA CLIMENE;;;Scontro frontale/laterale SX fra veicoli in marcia;;;;;;;;;;0;0;0;6;12.2713;41.734;0;2;Autovettura privata;In marcia / fermata / arresto;Conducente;M;Illeso;0;;Non accertato;Inesploso
4394289;13;26/05/2019 12:20:00;;VIA DELLE SIRENE;all'intersezione con;VIA CLIMENE;VIA CLIMENE;;;Scontro frontale/laterale SX fra veicoli in marcia;;;;;;;;;;0;0;0;6;12.2713;41.734;0;2;Autovettura privata;In marcia / fermata / arresto;Passeggero;F;Illeso;0;;;
4394289;13;26/05/2019 12:20:00;;VIA DELLE SIRENE;all'intersezione con;VIA CLIMENE;VIA CLIMENE;;;Scontro frontale/laterale SX fra veicoli in marcia;;;;;;;;;;0;0;0;6;12.2713;41.734;0;2;Autovettura privata;In marcia / fermata / arresto;Passeggero;F;Illeso;0;;;
4394291;1;26/05/2019 02:20:00;Strada Urbana;VIA GIOVANNI LANZA;in corrispondenza;;del civico n.;172;;Veicolo in marcia contro veicoli in sosta;Rettilineo;Una carreggiata a doppio senso;Bagnato (pioggia);Asfaltata;Verticale ed orizzontale;Pioggia in atto;Scarso;Insufficiente;Insufficiente;1;0;0;2;12.4943;41.8949;-1;1;Autovettura privata;In marcia / fermata / arresto;Conducente;F;Illeso;0;;Non accertato;Esploso
4394291;1;26/05/2019 02:20:00;Strada Urbana;VIA GIOVANNI LANZA;in corrispondenza;;del civico n.;172;;Veicolo in marcia contro veicoli in sosta;Rettilineo;Una carreggiata a doppio senso;Bagnato (pioggia);Asfaltata;Verticale ed orizzontale;Pioggia in atto;Scarso;Insufficiente;Insufficiente;1;0;0;2;12.4943;41.8949;-1;2;Autovettura privata;In marcia / fermata / arresto;Conducente;M;Illeso;0;;Non accertato;Inesploso
4394291;1;26/05/2019 02:20:00;Strada Urbana;VIA GIOVANNI LANZA;in corrispondenza;;del civico n.;172;;Veicolo in marcia contro veicoli in sosta;Rettilineo;Una carreggiata a doppio senso;Bagnato (pioggia);Asfaltata;Verticale ed orizzontale;Pioggia in atto;Scarso;Insufficiente;Insufficiente;1;0;0;2;12.4943;41.8949;-1;2;Autovettura privata;In marcia / fermata / arresto;Passeggero;F;Rimandato;0;NON DECEDUTO;Non accertato;
4394291;1;26/05/2019 02:20:00;Strada Urbana;VIA GIOVANNI LANZA;in corrispondenza;;del civico n.;172;;Veicolo in marcia contro veicoli in sosta;Rettilineo;Una carreggiata a doppio senso;Bagnato (pioggia);Asfaltata;Verticale ed orizzontale;Pioggia in atto;Scarso;Insufficiente;Insufficiente;1;0;0;2;12.4943;41.8949;-1;3;Motociclo a solo;Sosta;;;;;;;
4394291;1;26/05/2019 02:20:00;Strada Urbana;VIA GIOVANNI LANZA;in corrispondenza;;del civico n.;172;;Veicolo in marcia contro veicoli in sosta;Rettilineo;Una carreggiata a doppio senso;Bagnato (pioggia);Asfaltata;Verticale ed orizzontale;Pioggia in atto;Scarso;Insufficiente;Insufficiente;1;0;0;2;12.4943;41.8949;-1;4;Autovettura privata;Sosta;;;;;;;
4394291;1;26/05/2019 02:20:00;Strada Urbana;VIA GIOVANNI LANZA;in corrispondenza;;del civico n.;172;;Veicolo in marcia contro veicoli in sosta;Rettilineo;Una carreggiata a doppio senso;Bagnato (pioggia);Asfaltata;Verticale ed orizzontale;Pioggia in atto;Scarso;Insufficiente;Insufficiente;1;0;0;2;12.4943;41.8949;-1;5;Motociclo a solo;Sosta;;;;;;;
4394293;13;26/05/2019 16:30:00;Strada Urbana;VIA ANGELO CANEVARI;all'intersezione con;VIA DI ACILIA;VIA DI ACILIA;;;Scontro frontale fra veicoli in marcia;Incrocio;Una carreggiata a doppio senso;Asciutto;Asfaltata;Verticale ed orizzontale;Nuvoloso;Normale;Buona;Ore Diurne;2;0;0;4;12.3694;41.7728;-1;1;Autovettura privata;In marcia / fermata / arresto;Conducente;M;Illeso;0;;;
4394293;13;26/05/2019 16:30:00;Strada Urbana;VIA ANGELO CANEVARI;all'intersezione con;VIA DI ACILIA;VIA DI ACILIA;;;Scontro frontale fra veicoli in marcia;Incrocio;Una carreggiata a doppio senso;Asciutto;Asfaltata;Verticale ed orizzontale;Nuvoloso;Normale;Buona;Ore Diurne;2;0;0;4;12.3694;41.7728;-1;1;Autovettura privata;In marcia / fermata / arresto;Passeggero;F;Rimandato;0;NON DECEDUTO;;
4394293;13;26/05/2019 16:30:00;Strada Urbana;VIA ANGELO CANEVARI;all'intersezione con;VIA DI ACILIA;VIA DI ACILIA;;;Scontro frontale fra veicoli in marcia;Incrocio;Una carreggiata a doppio senso;Asciutto;Asfaltata;Verticale ed orizzontale;Nuvoloso;Normale;Buona;Ore Diurne;2;0;0;4;12.3694;41.7728;-1;1;Autovettura privata;In marcia / fermata / arresto;Passeggero;M;Illeso;0;;;
4394293;13;26/05/2019 16:30:00;Strada Urbana;VIA ANGELO CANEVARI;all'intersezione con;VIA DI ACILIA;VIA DI ACILIA;;;Scontro frontale fra veicoli in marcia;Incrocio;Una carreggiata a doppio senso;Asciutto;Asfaltata;Verticale ed orizzontale;Nuvoloso;Normale;Buona;Ore Diurne;2;0;0;4;12.3694;41.7728;-1;1;Autovettura privata;In marcia / fermata / arresto;Passeggero;M;Rimandato;0;NON DECEDUTO;;
4394293;13;26/05/2019 16:30:00;Strada Urbana;VIA ANGELO CANEVARI;all'intersezione con;VIA DI ACILIA;VIA DI ACILIA;;;Scontro frontale fra veicoli in marcia;Incrocio;Una carreggiata a doppio senso;Asciutto;Asfaltata;Verticale ed orizzontale;Nuvoloso;Normale;Buona;Ore Diurne;2;0;0;4;12.3694;41.7728;-1;2;Autovettura privata;In marcia / fermata / arresto;Conducente;M;Illeso;0;;Non accertato;Inesistente
4394293;13;26/05/2019 16:30:00;Strada Urbana;VIA ANGELO CANEVARI;all'intersezione con;VIA DI ACILIA;VIA DI ACILIA;;;Scontro frontale fra veicoli in marcia;Incrocio;Una carreggiata a doppio senso;Asciutto;Asfaltata;Verticale ed orizzontale;Nuvoloso;Normale;Buona;Ore Diurne;2;0;0;4;12.3694;41.7728;-1;2;Autovettura privata;In marcia / fermata / arresto;Passeggero;M;Illeso;0;;Non accertato;Inesistente
4394296;13;26/05/2019 19:50:00;Strada Urbana;VIA DELLA MARTINICA;da specificare;;;;prossimità Via Delle Ebridi;Veicolo in marcia contro ostacolo accidentale;Rettilineo;Una carreggiata a doppio senso;Bagnato (pioggia);Asfaltata;Verticale ed orizzontale;Pioggia in atto;Normale;Sufficiente;Sufficiente;0;0;0;2;12.2614;41.7402;-1;1;Autovettura privata;In marcia / fermata / arresto;Conducente;M;Illeso;0;;Non accertato;Inesploso
4394296;13;26/05/2019 19:50:00;Strada Urbana;VIA DELLA MARTINICA;da specificare;;;;prossimità Via Delle Ebridi;Veicolo in marcia contro ostacolo accidentale;Rettilineo;Una carreggiata a doppio senso;Bagnato (pioggia);Asfaltata;Verticale ed orizzontale;Pioggia in atto;Normale;Sufficiente;Sufficiente;0;0;0;2;12.2614;41.7402;-1;1;Autovettura privata;In marcia / fermata / arresto;Passeggero;M;Illeso;0;;Non accertato;Inesploso
4394299;13;26/05/2019 21:20:00;Strada Urbana;VIA DELLA MARTINICA;in corrispondenza;;del civico n.;37;;Veicolo in marcia contro ostacolo accidentale;Rettilineo;Una carreggiata a doppio senso;Bagnato (pioggia);Asfaltata;Verticale ed orizzontale;Pioggia in atto;Normale;Sufficiente;Sufficiente;0;0;0;1;12.2619;41.7388;-1;1;Autovettura privata;In marcia / fermata / arresto;Conducente;M;Illeso;0;;Non accertato;Inesploso
4394311;19;24/05/2019 16:30:00;Strada Urbana;VIA ROVATO;all'intersezione con;VIA BREGNANO;VIA BREGNANO;;;Scontro frontale/laterale SX fra veicoli in marcia;Incrocio;Una carreggiata a doppio senso;Asciutto;Asfaltata;Verticale ed orizzontale;Sereno;Normale;Buona;Ore Diurne;0;0;0;6;12.3828;41.9425;-1;1;Autovettura privata;In marcia / fermata / arresto;Conducente;F;Illeso;0;;;
4394311;19;24/05/2019 16:30:00;Strada Urbana;VIA ROVATO;all'intersezione con;VIA BREGNANO;VIA BREGNANO;;;Scontro frontale/laterale SX fra veicoli in marcia;Incrocio;Una carreggiata a doppio senso;Asciutto;Asfaltata;Verticale ed orizzontale;Sereno;Normale;Buona;Ore Diurne;0;0;0;6;12.3828;41.9425;-1;1;Autovettura privata;In marcia / fermata / arresto;Passeggero;M;Illeso;0;;;
4394311;19;24/05/2019 16:30:00;Strada Urbana;VIA ROVATO;all'intersezione con;VIA BREGNANO;VIA BREGNANO;;;Scontro frontale/laterale SX fra veicoli in marcia;Incrocio;Una carreggiata a doppio senso;Asciutto;Asfaltata;Verticale ed orizzontale;Sereno;Normale;Buona;Ore Diurne;0;0;0;6;12.3828;41.9425;-1;1;Autovettura privata;In marcia / fermata / arresto;Passeggero;M;Illeso;0;;;
4394311;19;24/05/2019 16:30:00;Strada Urbana;VIA ROVATO;all'intersezione con;VIA BREGNANO;VIA BREGNANO;;;Scontro frontale/laterale SX fra veicoli in marcia;Incrocio;Una carreggiata a doppio senso;Asciutto;Asfaltata;Verticale ed orizzontale;Sereno;Normale;Buona;Ore Diurne;0;0;0;6;12.3828;41.9425;-1;2;Autovettura privata;In marcia / fermata / arresto;Conducente;M;Illeso;0;;;
4394311;19;24/05/2019 16:30:00;Strada Urbana;VIA ROVATO;all'intersezione con;VIA BREGNANO;VIA BREGNANO;;;Scontro frontale/laterale SX fra veicoli in marcia;Incrocio;Una carreggiata a doppio senso;Asciutto;Asfaltata;Verticale ed orizzontale;Sereno;Normale;Buona;Ore Diurne;0;0;0;6;12.3828;41.9425;-1;2;Autovettura privata;In marcia / fermata / arresto;Passeggero;F;Illeso;0;;;
4394311;19;24/05/2019 16:30:00;Strada Urbana;VIA ROVATO;all'intersezione con;VIA BREGNANO;VIA BREGNANO;;;Scontro frontale/laterale SX fra veicoli in marcia;Incrocio;Una carreggiata a doppio senso;Asciutto;Asfaltata;Verticale ed orizzontale;Sereno;Normale;Buona;Ore Diurne;0;0;0;6;12.3828;41.9425;-1;2;Autovettura privata;In marcia / fermata / arresto;Passeggero;F;Illeso;0;;;
4394313;9;26/05/2019 17:20:00;;VIA CILICIA;in prossimità;;del palo luce n.;471;;Infortunio per sola frenata improvvisa;;;;;;;;;;0;0;0;1;;;0;1;Motociclo a solo;In marcia / fermata / arresto;Conducente;M;Illeso;0;;;
4394324;11;26/05/2019 21:30:00;Strada Urbana;VIALE DI TOR MARANCIA;in prossimità;;del civico n.;14;;Scontro laterale fra veicoli in marcia;Rettilineo;Due carreggiate;Bagnato (pioggia);Asfaltata;Orizzontale;Pioggia in atto;Normale;Sufficiente;Sufficiente;2;0;0;1;12.4965;41.8568;-1;1;Autovettura privata;In marcia / fermata / arresto;Conducente;M;Illeso;0;;;
4394324;11;26/05/2019 21:30:00;Strada Urbana;VIALE DI TOR MARANCIA;in prossimità;;del civico n.;14;;Scontro laterale fra veicoli in marcia;Rettilineo;Due carreggiate;Bagnato (pioggia);Asfaltata;Orizzontale;Pioggia in atto;Normale;Sufficiente;Sufficiente;2;0;0;1;12.4965;41.8568;-1;2;Motociclo con passeggero;In marcia / fermata / arresto;Conducente;M;Rimandato;0;NON DECEDUTO;;
4394324;11;26/05/2019 21:30:00;Strada Urbana;VIALE DI TOR MARANCIA;in prossimità;;del civico n.;14;;Scontro laterale fra veicoli in marcia;Rettilineo;Due carreggiate;Bagnato (pioggia);Asfaltata;Orizzontale;Pioggia in atto;Normale;Sufficiente;Sufficiente;2;0;0;1;12.4965;41.8568;-1;2;Motociclo con passeggero;In marcia / fermata / arresto;Passeggero;M;Rimandato;0;NON DECEDUTO;;
4394325;17;25/05/2019 18:15:00;Strada Urbana;VIA MONTE ZEBIO;in corrispondenza;;del civico n.;28;;Scontro laterale fra veicoli in marcia;Rettilineo;Due carreggiate;Asciutto;Asfaltata;Verticale ed orizzontale;Sereno;Scarso;Buona;Ore Diurne;0;0;0;2;12.466;41.9185;-1;1;Autovettura privata;In marcia / fermata / arresto;Conducente;F;Illeso;0;;;
4394325;17;25/05/2019 18:15:00;Strada Urbana;VIA MONTE ZEBIO;in corrispondenza;;del civico n.;28;;Scontro laterale fra veicoli in marcia;Rettilineo;Due carreggiate;Asciutto;Asfaltata;Verticale ed orizzontale;Sereno;Scarso;Buona;Ore Diurne;0;0;0;2;12.466;41.9185;-1;2;Autovettura privata;In marcia / fermata / arresto;Conducente;F;Illeso;0;;;
4394327;19;24/05/2019 18:20:00;Strada Urbana;VIA MATTIA BATTISTINI;all'intersezione con;VIA DELLE CALASANZIANE;VIA DELLE CALASANZIANE;;;Scontro frontale/laterale DX fra veicoli in marcia;Incrocio;Una carreggiata a doppio senso;Asciutto;Asfaltata;Verticale ed orizzontale;Sereno;Normale;Buona;Ore Diurne;0;0;0;3;12.4185;41.9185;-1;1;Autovettura privata;In marcia / fermata / arresto;Conducente;M;Illeso;0;;;
4394327;19;24/05/2019 18:20:00;Strada Urbana;VIA MATTIA BATTISTINI;all'intersezione con;VIA DELLE CALASANZIANE;VIA DELLE CALASANZIANE;;;Scontro frontale/laterale DX fra veicoli in marcia;Incrocio;Una carreggiata a doppio senso;Asciutto;Asfaltata;Verticale ed orizzontale;Sereno;Normale;Buona;Ore Diurne;0;0;0;3;12.4185;41.9185;-1;1;Autovettura privata;In marcia / fermata / arresto;Passeggero;F;Illeso;0;;;
4394327;19;24/05/2019 18:20:00;Strada Urbana;VIA MATTIA BATTISTINI;all'intersezione con;VIA DELLE CALASANZIANE;VIA DELLE CALASANZIANE;;;Scontro frontale/laterale DX fra veicoli in marcia;Incrocio;Una carreggiata a doppio senso;Asciutto;Asfaltata;Verticale ed orizzontale;Sereno;Normale;Buona;Ore Diurne;0;0;0;3;12.4185;41.9185;-1;2;Autovettura privata;In marcia / fermata / arresto;Conducente;F;Illeso;0;;;
4394331;19;25/05/2019 16:30:00;Strada Urbana;VIA ATTILIO FRIGGERI;in corrispondenza;;del civico n.;104;;Veicolo in marcia contro veicolo in sosta;Rettilineo;Una carreggiata a doppio senso;Asciutto;Asfaltata;Orizzontale;Nuvoloso;Scarso;Insufficiente;Ore Diurne;0;0;0;0;12.4399;41.9198;-1;1;Autovettura privata;In marcia / fermata / arresto;;;;;;;
4394331;19;25/05/2019 16:30:00;Strada Urbana;VIA ATTILIO FRIGGERI;in corrispondenza;;del civico n.;104;;Veicolo in marcia contro veicolo in sosta;Rettilineo;Una carreggiata a doppio senso;Asciutto;Asfaltata;Orizzontale;Nuvoloso;Scarso;Insufficiente;Ore Diurne;0;0;0;0;12.4399;41.9198;-1;2;Autovettura privata;Sosta;;;;;;;
4394333;20;26/05/2019 10:00:00;Strada Urbana;VIA CASSIA;in prossimità;;del civico n.;2019;;Scontro frontale/laterale SX fra veicoli in marcia;Rettilineo;Una carreggiata a doppio senso;Asciutto;Asfaltata;Verticale ed orizzontale;Nuvoloso;Normale;Buona;Ore Diurne;0;0;0;2;12.3754;42.0324;-1;1;Autovettura privata;In marcia / fermata / arresto;Conducente;M;Illeso;0;;Non accertato;Inesploso
4394333;20;26/05/2019 10:00:00;Strada Urbana;VIA CASSIA;in prossimità;;del civico n.;2019;;Scontro frontale/laterale SX fra veicoli in marcia;Rettilineo;Una carreggiata a doppio senso;Asciutto;Asfaltata;Verticale ed orizzontale;Nuvoloso;Normale;Buona;Ore Diurne;0;0;0;2;12.3754;42.0324;-1;2;Autovettura privata;In marcia / fermata / arresto;Conducente;M;Illeso;0;;;
4394334;11;25/05/2019 06:50:00;Strada Urbana;VIALE DI S. PAOLO;all'intersezione semaforizzata con;VIALE FERDINANDO BALDELLI;VIALE FERDINANDO BALDELLI;;;Scontro laterale fra veicoli in marcia;Intersezione semaforizzata;Due carreggiate;Asciutto;Asfaltata;Verticale ed orizzontale;Sereno;Scarso;Buona;Ore Diurne;0;0;0;3;12.4738;41.8572;-1;1;Autovettura di polizia;In marcia / fermata / arresto;Conducente;M;Illeso;0;;;
4394334;11;25/05/2019 06:50:00;Strada Urbana;VIALE DI S. PAOLO;all'intersezione semaforizzata con;VIALE FERDINANDO BALDELLI;VIALE FERDINANDO BALDELLI;;;Scontro laterale fra veicoli in marcia;Intersezione semaforizzata;Due carreggiate;Asciutto;Asfaltata;Verticale ed orizzontale;Sereno;Scarso;Buona;Ore Diurne;0;0;0;3;12.4738;41.8572;-1;1;Autovettura di polizia;In marcia / fermata / arresto;Passeggero;M;Illeso;0;;;
4394334;11;25/05/2019 06:50:00;Strada Urbana;VIALE DI S. PAOLO;all'intersezione semaforizzata con;VIALE FERDINANDO BALDELLI;VIALE FERDINANDO BALDELLI;;;Scontro laterale fra veicoli in marcia;Intersezione semaforizzata;Due carreggiate;Asciutto;Asfaltata;Verticale ed orizzontale;Sereno;Scarso;Buona;Ore Diurne;0;0;0;3;12.4738;41.8572;-1;2;Autovettura privata;In marcia / fermata / arresto;Conducente;M;Illeso;0;;;
4394335;20;26/05/2019 00:30:00;Strada Urbana;VIA VEIENTANA;in prossimità;;del civico n.;3/c;;Veicolo in marcia contro veicolo in sosta;Curva a visuale libera;Una carreggiata a doppio senso;Bagnato (pioggia);Asfaltata;Verticale;Nuvoloso;Scarso;Buona;Sufficiente;0;0;0;1;12.4434;41.9737;-1;1;Autovettura privata;In marcia / fermata / arresto;Conducente;M;Illeso;0;;Non accertato;Inesploso
4394335;20;26/05/2019 00:30:00;Strada Urbana;VIA VEIENTANA;in prossimità;;del civico n.;3/c;;Veicolo in marcia contro veicolo in sosta;Curva a visuale libera;Una carreggiata a doppio senso;Bagnato (pioggia);Asfaltata;Verticale;Nuvoloso;Scarso;Buona;Sufficiente;0;0;0;1;12.4434;41.9737;-1;2;Autovettura privata;Sosta;;;;;;;
4394338;19;24/05/2019 18:30:00;Strada Urbana;VIA LUIGI ARBIB PASCUCCI;in corrispondenza;;del civico n.;24;;Investimento di pedone;Curva a visuale libera;Una carreggiata a senso unico di marcia;Asciutto;Asfaltata;Verticale ed orizzontale;Sereno;Normale;Buona;Ore Diurne;2;0;0;1;12.4277;41.926;-1;;;;Pedone;M;Rimandato;0;NON DECEDUTO;;
4394338;19;24/05/2019 18:30:00;Strada Urbana;VIA LUIGI ARBIB PASCUCCI;in corrispondenza;;del civico n.;24;;Investimento di pedone;Curva a visuale libera;Una carreggiata a senso unico di marcia;Asciutto;Asfaltata;Verticale ed orizzontale;Sereno;Normale;Buona;Ore Diurne;2;0;0;1;12.4277;41.926;-1;;;;Pedone;M;Rimandato;0;NON DECEDUTO;;
4394338;19;24/05/2019 18:30:00;Strada Urbana;VIA LUIGI ARBIB PASCUCCI;in corrispondenza;;del civico n.;24;;Investimento di pedone;Curva a visuale libera;Una carreggiata a senso unico di marcia;Asciutto;Asfaltata;Verticale ed orizzontale;Sereno;Normale;Buona;Ore Diurne;2;0;0;1;12.4277;41.926;-1;1;Autovettura privata;In marcia / fermata / arresto;Conducente;M;Illeso;0;;Non accertato;Inesploso
4394340;9;25/05/2019 10:30:00;Strada Urbana;PIAZZA GALERIA;all'intersezione semaforizzata con;VIA CILICIA;VIA CILICIA;;;Scontro frontale fra veicoli in marcia;Incrocio;Una carreggiata a senso unico di marcia;Asciutto;Asfaltata;Verticale ed orizzontale;Sereno;Normale;Buona;Ore Diurne;1;0;0;2;12.5061;41.8743;-1;1;Autovettura privata;In marcia / fermata / arresto;Conducente;M;Illeso;0;;;
4394340;9;25/05/2019 10:30:00;Strada Urbana;PIAZZA GALERIA;all'intersezione semaforizzata con;VIA CILICIA;VIA CILICIA;;;Scontro frontale fra veicoli in marcia;Incrocio;Una carreggiata a senso unico di marcia;Asciutto;Asfaltata;Verticale ed orizzontale;Sereno;Normale;Buona;Ore Diurne;1;0;0;2;12.5061;41.8743;-1;1;Autovettura privata;In marcia / fermata / arresto;Passeggero;F;Illeso;0;;;
4394340;9;25/05/2019 10:30:00;Strada Urbana;PIAZZA GALERIA;all'intersezione semaforizzata con;VIA CILICIA;VIA CILICIA;;;Scontro frontale fra veicoli in marcia;Incrocio;Una carreggiata a senso unico di marcia;Asciutto;Asfaltata;Verticale ed orizzontale;Sereno;Normale;Buona;Ore Diurne;1;0;0;2;12.5061;41.8743;-1;2;Motociclo a solo;In marcia / fermata / arresto;Conducente;M;Rimandato;0;NON DECEDUTO;;
4394342;19;26/05/2019 01:15:00;Strada Urbana;VIA FRANCESCO MARIA TORRIGIO;in corrispondenza;;del civico n.;50;;Veicolo in marcia contro veicoli in sosta;Curva senza visuale libera;Una carreggiata a senso unico di marcia;Bagnato (pioggia);Asfaltata;Verticale;Pioggia in atto;Scarso;Sufficiente;Sufficiente;0;0;0;1;12.415;41.9108;-1;1;Autovettura privata;In marcia / fermata / arresto;Conducente;F;Illeso;0;;Non accertato;Inesploso
4394342;19;26/05/2019 01:15:00;Strada Urbana;VIA FRANCESCO MARIA TORRIGIO;in corrispondenza;;del civico n.;50;;Veicolo in marcia contro veicoli in sosta;Curva senza visuale libera;Una carreggiata a senso unico di marcia;Bagnato (pioggia);Asfaltata;Verticale;Pioggia in atto;Scarso;Sufficiente;Sufficiente;0;0;0;1;12.415;41.9108;-1;2;Autocarro inferiore 35 q.;Sosta;;;;;;;
4394342;19;26/05/2019 01:15:00;Strada Urbana;VIA FRANCESCO MARIA TORRIGIO;in corrispondenza;;del civico n.;50;;Veicolo in marcia contro veicoli in sosta;Curva senza visuale libera;Una carreggiata a senso unico di marcia;Bagnato (pioggia);Asfaltata;Verticale;Pioggia in atto;Scarso;Sufficiente;Sufficiente;0;0;0;1;12.415;41.9108;-1;3;Autovettura privata;Sosta;;;;;;;
4394342;19;26/05/2019 01:15:00;Strada Urbana;VIA FRANCESCO MARIA TORRIGIO;in corrispondenza;;del civico n.;50;;Veicolo in marcia contro veicoli in sosta;Curva senza visuale libera;Una carreggiata a senso unico di marcia;Bagnato (pioggia);Asfaltata;Verticale;Pioggia in atto;Scarso;Sufficiente;Sufficiente;0;0;0;1;12.415;41.9108;-1;4;Autovettura privata;Sosta;;;;;;;
4394342;19;26/05/2019 01:15:00;Strada Urbana;VIA FRANCESCO MARIA TORRIGIO;in corrispondenza;;del civico n.;50;;Veicolo in marcia contro veicoli in sosta;Curva senza visuale libera;Una carreggiata a senso unico di marcia;Bagnato (pioggia);Asfaltata;Verticale;Pioggia in atto;Scarso;Sufficiente;Sufficiente;0;0;0;1;12.415;41.9108;-1;5;Autovettura privata;Sosta;;;;;;;
4394349;20;26/05/2019 06:50:00;Provinciale;VIA TIBERINA;da specificare;;;;prossimità Palo alta tensione n. 102;Veicolo in marcia contro ostacolo fisso;Curva a visuale libera;Una carreggiata a doppio senso;Bagnato (pioggia);Asfaltata;Orizzontale;Pioggia in atto;Scarso;Buona;Ore Diurne;2;0;0;0;12.505;42.0258;-1;1;Autovettura privata;In marcia / fermata / arresto;Conducente;M;Rimandato;0;NON DECEDUTO;;
4394349;20;26/05/2019 06:50:00;Provinciale;VIA TIBERINA;da specificare;;;;prossimità Palo alta tensione n. 102;Veicolo in marcia contro ostacolo fisso;Curva a visuale libera;Una carreggiata a doppio senso;Bagnato (pioggia);Asfaltata;Orizzontale;Pioggia in atto;Scarso;Buona;Ore Diurne;2;0;0;0;12.505;42.0258;-1;1;Autovettura privata;In marcia / fermata / arresto;Passeggero;M;Ricoverato;0;NON DECEDUTO;;
4394357;5;24/05/2019 14:45:00;Strada Urbana;VIA TIBURTINA;da specificare;;;;prossimita' Via Morolo;Scontro laterale fra veicoli in marcia;Rettilineo;Due carreggiate;Asciutto;Asfaltata;Verticale ed orizzontale;Sereno;Intenso;Buona;Ore Diurne;1;0;0;1;12.6191;41.9375;-1;1;Motociclo a solo;In marcia / fermata / arresto;Conducente;M;Rimandato;0;NON DECEDUTO;Non accertato;
4394357;5;24/05/2019 14:45:00;Strada Urbana;VIA TIBURTINA;da specificare;;;;prossimita' Via Morolo;Scontro laterale fra veicoli in marcia;Rettilineo;Due carreggiate;Asciutto;Asfaltata;Verticale ed orizzontale;Sereno;Intenso;Buona;Ore Diurne;1;0;0;1;12.6191;41.9375;-1;2;Autovettura privata;In marcia / fermata / arresto;Conducente;F;Illeso;0;;Non accertato;
4394359;19;24/05/2019 19:15:00;Strada Urbana;VIA DI SELVA NERA;in corrispondenza;;del civico n.;13;;Infortunio per sola frenata improvvisa;Curva a visuale libera;Una carreggiata a doppio senso;Asciutto;Asfaltata;Verticale ed orizzontale;Sereno;Normale;Buona;Ore Diurne;1;0;0;1;12.3598;41.9279;-1;1;Autovettura privata;In marcia / fermata / arresto;Conducente;M;Illeso;0;;;
4394359;19;24/05/2019 19:15:00;Strada Urbana;VIA DI SELVA NERA;in corrispondenza;;del civico n.;13;;Infortunio per sola frenata improvvisa;Curva a visuale libera;Una carreggiata a doppio senso;Asciutto;Asfaltata;Verticale ed orizzontale;Sereno;Normale;Buona;Ore Diurne;1;0;0;1;12.3598;41.9279;-1;2;Motociclo a solo;In marcia / fermata / arresto;Conducente;M;Rimandato;0;NON DECEDUTO;;
4394362;7;24/05/2019 09:45:00;Strada Urbana;VIA DI TOR SAPIENZA;in corrispondenza;;del civico n.;209;;Veicolo in marcia contro veicolo in sosta;Rettilineo;Una carreggiata a doppio senso;Asciutto;Asfaltata;Assente;Sereno;Normale;Buona;Ore Diurne;0;0;0;1;12.592;41.8947;-1;1;Autovettura privata;Sosta;;;;;;;