Protocollo;Gruppo;DataOraIncidente;Localizzazione1;STRADA1;Localizzazione2;STRADA2;Strada02;Chilometrica;DaSpecificare;NaturaIncidente;particolaritastrade;TipoStrada;FondoStradale;Pavimentazione;Segnaletica;CondizioneAtmosferica;Traffico;Visibilita;Illuminazione;NUM_FERITI;NUM_RISERVATA;NUM_MORTI;NUM_ILLESI;Longitudine;Latitudine;Confermato;Progressivo;TipoVeicolo;StatoVeicolo;TipoPersona;Sesso;Tipolesione;Deceduto;DecedutoDopo;CinturaCascoUtilizzato;Airbag;
4402827;18;31/05/2019 10:45:00;Statale entro l'abitato;VIA AURELIA;in prossimità;;del civico n.;677;;Scontro laterale fra veicoli in marcia;Rettilineo;Una carreggiata a doppio senso;Asciutto;Asfaltata;Verticale ed orizzontale;Sereno;Normale;Buona;Ore Diurne;0;0;0;3;12.4154;41.8934;-1;1;Autovettura privata;In marcia / fermata / arresto;Conducente;M;Illeso;0;;Non accertato;Inesploso
4402827;18;31/05/2019 10:45:00;Statale entro l'abitato;VIA AURELIA;in prossimità;;del civico n.;677;;Scontro laterale fra veicoli in marcia;Rettilineo;Una carreggiata a doppio senso;Asciutto;Asfaltata;Verticale ed orizzontale;Sereno;Normale;Buona;Ore Diurne;0;0;0;3;12.4154;41.8934;-1;1;Autovettura privata;In marcia / fermata / arresto;Passeggero;M;Illeso;0;;Non accertato;Inesploso
4402827;18;31/05/2019 10:45:00;Statale entro l'abitato;VIA AURELIA;in prossimità;;del civico n.;677;;Scontro laterale fra veicoli in marcia;Rettilineo;Una carreggiata a doppio senso;Asciutto;Asfaltata;Verticale ed orizzontale;Sereno;Normale;Buona;Ore Diurne;0;0;0;3;12.4154;41.8934;-1;2;Motociclo a solo;Allontanatosi;Conducente;M;Illeso;0;;Non accertato;
4402868;19;31/05/2019 11:50:00;Strada Urbana;VIA DI CASAL DEL MARMO;in corrispondenza;;del civico n.;618;;Tamponamento;Rettilineo;Una carreggiata a doppio senso;Asciutto;Asfaltata;Verticale ed orizzontale;Nuvoloso;Normale;Buona;Ore Diurne;0;0;0;4;12.3799;41.9316;-1;1;Autovettura privata;In marcia / fermata / arresto;Conducente;F;Illeso;0;;Non accertato;Inesploso
4402868;19;31/05/2019 11:50:00;Strada Urbana;VIA DI CASAL DEL MARMO;in corrispondenza;;del civico n.;618;;Tamponamento;Rettilineo;Una carreggiata a doppio senso;Asciutto;Asfaltata;Verticale ed orizzontale;Nuvoloso;Normale;Buona;Ore Diurne;0;0;0;4;12.3799;41.9316;-1;1;Autovettura privata;In marcia / fermata / arresto;Passeggero;F;Illeso;0;;Non accertato;Inesploso
4402868;19;31/05/2019 11:50:00;Strada Urbana;VIA DI CASAL DEL MARMO;in corrispondenza;;del civico n.;618;;Tamponamento;Rettilineo;Una carreggiata a doppio senso;Asciutto;Asfaltata;Verticale ed orizzontale;Nuvoloso;Normale;Buona;Ore Diurne;0;0;0;4;12.3799;41.9316;-1;2;Autovettura privata;In marcia / fermata / arresto;Conducente;M;Illeso;0;;Non accertato;Inesploso
4402868;19;31/05/2019 11:50:00;Strada Urbana;VIA DI CASAL DEL MARMO;in corrispondenza;;del civico n.;618;;Tamponamento;Rettilineo;Una carreggiata a doppio senso;Asciutto;Asfaltata;Verticale ed orizzontale;Nuvoloso;Normale;Buona;Ore Diurne;0;0;0;4;12.3799;41.9316;-1;2;Autovettura privata;In marcia / fermata / arresto;Passeggero;F;Illeso;0;;Non accertato;Inesploso
4402881;19;31/05/2019 12:30:00;Strada Urbana;VIALE DELLE MEDAGLIE D'ORO;all'intersezione con;VIA MARIO ROMAGNOLI;VIA MARIO ROMAGNOLI;;;Scontro laterale fra veicoli in marcia;Incrocio;Una carreggiata a doppio senso;Asciutto;Asfaltata;Verticale ed orizzontale;Nuvoloso;Normale;Buona;Ore Diurne;0;0;0;2;12.4428;41.9168;-1;1;Autovettura privata;In marcia / fermata / arresto;Conducente;M;Illeso;0;;;
4402881;19;31/05/2019 12:30:00;Strada Urbana;VIALE DELLE MEDAGLIE D'ORO;all'intersezione con;VIA MARIO ROMAGNOLI;VIA MARIO ROMAGNOLI;;;Scontro laterale fra veicoli in marcia;Incrocio;Una carreggiata a doppio senso;Asciutto;Asfaltata;Verticale ed orizzontale;Nuvoloso;Normale;Buona;Ore Diurne;0;0;0;2;12.4428;41.9168;-1;2;Autovettura privata;In marcia / fermata / arresto;Conducente;M;Illeso;0;;;
4402882;13;31/05/2019 15:45:00;Strada Urbana;VIA GIULIANO DA SANGALLO;all'intersezione con;VIA RUTILIO NAMAZIANO;VIA RUTILIO NAMAZIANO;;;Scontro frontale/laterale SX fra veicoli in marcia;Incrocio;Una carreggiata a senso unico di marcia;Asciutto;Asfaltata;Verticale ed orizzontale;Nuvoloso;Normale;Buona;Ore Diurne;1;0;0;1;12.2732;41.7321;-1;1;Autovettura privata;In marcia / fermata / arresto;Conducente;M;Illeso;0;;Non accertato;Inesploso
4402882;13;31/05/2019 15:45:00;Strada Urbana;VIA GIULIANO DA SANGALLO;all'intersezione con;VIA RUTILIO NAMAZIANO;VIA RUTILIO NAMAZIANO;;;Scontro frontale/laterale SX fra veicoli in marcia;Incrocio;Una carreggiata a senso unico di marcia;Asciutto;Asfaltata;Verticale ed orizzontale;Nuvoloso;Normale;Buona;Ore Diurne;1;0;0;1;12.2732;41.7321;-1;2;Velocipede;In marcia / fermata / arresto;Conducente;F;Rimandato;0;NON DECEDUTO;Esente;
4402885;15;31/05/2019 08:55:00;Strada Urbana;VIA PIETRO MARONCELLI;all'intersezione con;VIA LUIGI ANGELONI;VIA LUIGI ANGELONI;;;Scontro frontale/laterale SX fra veicoli in marcia;Incrocio;Una carreggiata a senso unico di marcia;Asciutto;Asfaltata;Verticale ed orizzontale;Nuvoloso;Normale;Buona;Ore Diurne;2;0;0;2;12.4494;41.8541;-1;1;Autovettura privata;In marcia / fermata / arresto;Conducente;M;Illeso;0;;Utilizzato;Esploso
4402885;15;31/05/2019 08:55:00;Strada Urbana;VIA PIETRO MARONCELLI;all'intersezione con;VIA LUIGI ANGELONI;VIA LUIGI ANGELONI;;;Scontro frontale/laterale SX fra veicoli in marcia;Incrocio;Una carreggiata a senso unico di marcia;Asciutto;Asfaltata;Verticale ed orizzontale;Nuvoloso;Normale;Buona;Ore Diurne;2;0;0;2;12.4494;41.8541;-1;1;Autovettura privata;In marcia / fermata / arresto;Passeggero;F;Illeso;0;;Utilizzato;
4402885;15;31/05/2019 08:55:00;Strada Urbana;VIA PIETRO MARONCELLI;all'intersezione con;VIA LUIGI ANGELONI;VIA LUIGI ANGELONI;;;Scontro frontale/laterale SX fra veicoli in marcia;Incrocio;Una carreggiata a senso unico di marcia;Asciutto;Asfaltata;Verticale ed orizzontale;Nuvoloso;Normale;Buona;Ore Diurne;2;0;0;2;12.4494;41.8541;-1;1;Autovettura privata;In marcia / fermata / arresto;Passeggero;M;Rimandato;0;NON DECEDUTO;Utilizzato;
4402885;15;31/05/2019 08:55:00;Strada Urbana;VIA PIETRO MARONCELLI;all'intersezione con;VIA LUIGI ANGELONI;VIA LUIGI ANGELONI;;;Scontro frontale/laterale SX fra veicoli in marcia;Incrocio;Una carreggiata a senso unico di marcia;Asciutto;Asfaltata;Verticale ed orizzontale;Nuvoloso;Normale;Buona;Ore Diurne;2;0;0;2;12.4494;41.8541;-1;2;Autovettura privata;In marcia / fermata / arresto;Conducente;F;Rimandato;0;NON DECEDUTO;Utilizzato;Esploso
4402977;19;31/05/2019 11:00:00;Strada Urbana;VIA DI CASAL DEL MARMO;in corrispondenza;;del civico n.;588;;Scontro frontale/laterale DX fra veicoli in marcia;Curva senza visuale libera;Una carreggiata a doppio senso;Asciutto;Asfaltata;Orizzontale;Sereno;Normale;Buona;Ore Diurne;0;0;0;6;12.3851;41.9381;-1;1;Autovettura privata;In marcia / fermata / arresto;Conducente;F;Illeso;0;;Non accertato;Inesploso
4402977;19;31/05/2019 11:00:00;Strada Urbana;VIA DI CASAL DEL MARMO;in corrispondenza;;del civico n.;588;;Scontro frontale/laterale DX fra veicoli in marcia;Curva senza visuale libera;Una carreggiata a doppio senso;Asciutto;Asfaltata;Orizzontale;Sereno;Normale;Buona;Ore Diurne;0;0;0;6;12.3851;41.9381;-1;1;Autovettura privata;In marcia / fermata / arresto;Passeggero;F;Illeso;0;;Non accertato;Inesploso
4402977;19;31/05/2019 11:00:00;Strada Urbana;VIA DI CASAL DEL MARMO;in corrispondenza;;del civico n.;588;;Scontro frontale/laterale DX fra veicoli in marcia;Curva senza visuale libera;Una carreggiata a doppio senso;Asciutto;Asfaltata;Orizzontale;Sereno;Normale;Buona;Ore Diurne;0;0;0;6;12.3851;41.9381;-1;1;Autovettura privata;In marcia / fermata / arresto;Passeggero;M;Illeso;0;;Non accertato;Inesploso
4402977;19;31/05/2019 11:00:00;Strada Urbana;VIA DI CASAL DEL MARMO;in corrispondenza;;del civico n.;588;;Scontro frontale/laterale DX fra veicoli in marcia;Curva senza visuale libera;Una carreggiata a doppio senso;Asciutto;Asfaltata;Orizzontale;Sereno;Normale;Buona;Ore Diurne;0;0;0;6;12.3851;41.9381;-1;1;Autovettura privata;In marcia / fermata / arresto;Passeggero;M;Illeso;0;;Non utilizzato;Inesploso
4402977;19;31/05/2019 11:00:00;Strada Urbana;VIA DI CASAL DEL MARMO;in corrispondenza;;del civico n.;588;;Scontro frontale/laterale DX fra veicoli in marcia;Curva senza visuale libera;Una carreggiata a doppio senso;Asciutto;Asfaltata;Orizzontale;Sereno;Normale;Buona;Ore Diurne;0;0;0;6;12.3851;41.9381;-1;2;Autovettura privata;In marcia / fermata / arresto;Conducente;F;Illeso;0;;Non accertato;Inesploso
4402977;19;31/05/2019 11:00:00;Strada Urbana;VIA DI CASAL DEL MARMO;in corrispondenza;;del civico n.;588;;Scontro frontale/laterale DX fra veicoli in marcia;Curva senza visuale libera;Una carreggiata a doppio senso;Asciutto;Asfaltata;Orizzontale;Sereno;Normale;Buona;Ore Diurne;0;0;0;6;12.3851;41.9381;-1;2;Autovettura privata;In marcia / fermata / arresto;Passeggero;F;Illeso;0;;Non utilizzato;Inesploso
4402978;1;30/05/2019 15:00:00;Strada Urbana;VIA DEL TEATRO DI MARCELLO;in prossimità;;del civico n.;2a 2b;;Veicolo in marcia contro ostacolo accidentale;Rettilineo;Una carreggiata a doppio senso;Bagnato (pioggia);In cubetti di porfido;Verticale ed orizzontale;Pioggia in atto;Intenso;Buona;Ore Diurne;0;0;0;1;12.4816;41.8936;-1;1;Motociclo a solo;In marcia / fermata / arresto;Conducente;F;Illeso;0;;Non accertato;
4403026;15;31/05/2019 07:35:00;Strada Urbana;VIA GIOVANNI VOLPATO;da specificare;;;;fronte civico 22;Scontro laterale fra veicoli in marcia;Rettilineo;Due carreggiate;Asciutto;Asfaltata;Verticale ed orizzontale;Sereno;Normale;Buona;Ore Diurne;0;0;0;2;12.4674;41.8715;-1;1;Autovettura privata;In marcia / fermata / arresto;Conducente;F;Illeso;0;;Non accertato;Inesploso
4403026;15;31/05/2019 07:35:00;Strada Urbana;VIA GIOVANNI VOLPATO;da specificare;;;;fronte civico 22;Scontro laterale fra veicoli in marcia;Rettilineo;Due carreggiate;Asciutto;Asfaltata;Verticale ed orizzontale;Sereno;Normale;Buona;Ore Diurne;0;0;0;2;12.4674;41.8715;-1;2;Autovettura privata;In marcia / fermata / arresto;Conducente;M;Illeso;0;;Non accertato;Inesploso
4403044;15;31/05/2019 08:55:00;Strada Urbana;VIA VINCENZO STATELLA;in corrispondenza;;del civico n.;46;;Scontro laterale fra veicoli in marcia;Curva a visuale libera;Una carreggiata a doppio senso;Asciutto;Asfaltata;Orizzontale;Sereno;Intenso;Buona;Ore Diurne;0;0;0;2;12.4511;41.8531;-1;1;Autovettura privata;In marcia / fermata / arresto;Conducente;M;Illeso;0;;Non accertato;Inesploso
4403044;15;31/05/2019 08:55:00;Strada Urbana;VIA VINCENZO STATELLA;in corrispondenza;;del civico n.;46;;Scontro laterale fra veicoli in marcia;Curva a visuale libera;Una carreggiata a doppio senso;Asciutto;Asfaltata;Orizzontale;Sereno;Intenso;Buona;Ore Diurne;0;0;0;2;12.4511;41.8531;-1;2;Autovettura privata;In marcia / fermata / arresto;Conducente;F;Illeso;0;;Non accertato;Inesploso
4403057;13;31/05/2019 16:20:00;Autostrada;VIA CARLO CASINI;all'intersezione con;VIA NICOLO' BALANZANO;VIA NICOLO' BALANZANO;;;Scontro frontale/laterale DX fra veicoli in marcia;Incrocio;Una carreggiata a senso unico di marcia;Asciutto;Asfaltata;Verticale;Sereno;Normale;Sufficiente;Ore Diurne;0;0;0;4;12.3374;41.7823;-1;1;Autovettura privata;In marcia / fermata / arresto;Conducente;M;Illeso;0;;Non accertato;Inesploso
4403057;13;31/05/2019 16:20:00;Autostrada;VIA CARLO CASINI;all'intersezione con;VIA NICOLO' BALANZANO;VIA NICOLO' BALANZANO;;;Scontro frontale/laterale DX fra veicoli in marcia;Incrocio;Una carreggiata a senso unico di marcia;Asciutto;Asfaltata;Verticale;Sereno;Normale;Sufficiente;Ore Diurne;0;0;0;4;12.3374;41.7823;-1;1;Autovettura privata;In marcia / fermata / arresto;Passeggero;M;Illeso;0;;Non accertato;Inesploso
4403057;13;31/05/2019 16:20:00;Autostrada;VIA CARLO CASINI;all'intersezione con;VIA NICOLO' BALANZANO;VIA NICOLO' BALANZANO;;;Scontro frontale/laterale DX fra veicoli in marcia;Incrocio;Una carreggiata a senso unico di marcia;Asciutto;Asfaltata;Verticale;Sereno;Normale;Sufficiente;Ore Diurne;0;0;0;4;12.3374;41.7823;-1;2;Autovettura privata;In marcia / fermata / arresto;Conducente;F;Illeso;0;;Non accertato;Inesploso
4403057;13;31/05/2019 16:20:00;Autostrada;VIA CARLO CASINI;all'intersezione con;VIA NICOLO' BALANZANO;VIA NICOLO' BALANZANO;;;Scontro frontale/laterale DX fra veicoli in marcia;Incrocio;Una carreggiata a senso unico di marcia;Asciutto;Asfaltata;Verticale;Sereno;Normale;Sufficiente;Ore Diurne;0;0;0;4;12.3374;41.7823;-1;2;Autovettura privata;In marcia / fermata / arresto;Passeggero;M;Illeso;0;;Non accertato;Inesploso
4403060;19;31/05/2019 08:30:00;Strada Urbana;VIALE CORTINA D'AMPEZZO;in corrispondenza;;del civico n.;296;;Scontro frontale/laterale DX fra veicoli in marcia;Curva a visuale libera;Una carreggiata a doppio senso;Asciutto;Asfaltata;Verticale ed orizzontale;Sereno;Intenso;Buona;Ore Diurne;0;0;0;2;12.4347;41.9421;-1;1;Autovettura privata;In marcia / fermata / arresto;Conducente;F;Illeso;0;;Non accertato;Inesploso
4403060;19;31/05/2019 08:30:00;Strada Urbana;VIALE CORTINA D'AMPEZZO;in corrispondenza;;del civico n.;296;;Scontro frontale/laterale DX fra veicoli in marcia;Curva a visuale libera;Una carreggiata a doppio senso;Asciutto;Asfaltata;Verticale ed orizzontale;Sereno;Intenso;Buona;Ore Diurne;0;0;0;2;12.4347;41.9421;-1;2;Autovettura privata;In marcia / fermata / arresto;Conducente;F;Illeso;0;;Non accertato;Inesploso
4403075;7;31/05/2019 15:10:00;Strada Urbana;VIA PRENESTINA BIS;da specificare;;;;adiacente Parcheggio " Bricoman";Tamponamento;Rettilineo;Una carreggiata a senso unico di marcia;Asciutto;Asfaltata;Verticale ed orizzontale;Nuvoloso;Normale;Buona;Ore Diurne;0;0;0;4;12.6068;41.8835;-1;1;Autocarro inferiore 35 q.;In marcia / fermata / arresto;Conducente;M;Illeso;0;;Non accertato;Inesploso
4403075;7;31/05/2019 15:10:00;Strada Urbana;VIA PRENESTINA BIS;da specificare;;;;adiacente Parcheggio " Bricoman";Tamponamento;Rettilineo;Una carreggiata a senso unico di marcia;Asciutto;Asfaltata;Verticale ed orizzontale;Nuvoloso;Normale;Buona;Ore Diurne;0;0;0;4;12.6068;41.8835;-1;1;Autocarro inferiore 35 q.;In marcia / fermata / arresto;Passeggero;M;Illeso;0;;Non accertato;Inesistente
4403075;7;31/05/2019 15:10:00;Strada Urbana;VIA PRENESTINA BIS;da specificare;;;;adiacente Parcheggio " Bricoman";Tamponamento;Rettilineo;Una carreggiata a senso unico di marcia;Asciutto;Asfaltata;Verticale ed orizzontale;Nuvoloso;Normale;Buona;Ore Diurne;0;0;0;4;12.6068;41.8835;-1;2;Autocarro inferiore 35 q.;In marcia / fermata / arresto;Conducente;M;Illeso;0;;Non accertato;Inesploso
4403075;7;31/05/2019 15:10:00;Strada Urbana;VIA PRENESTINA BIS;da specificare;;;;adiacente Parcheggio " Bricoman";Tamponamento;Rettilineo;Una carreggiata a senso unico di marcia;Asciutto;Asfaltata;Verticale ed orizzontale;Nuvoloso;Normale;Buona;Ore Diurne;0;0;0;4;12.6068;41.8835;-1;2;Autocarro inferiore 35 q.;In marcia / fermata / arresto;Passeggero;M;Illeso;0;;Non accertato;Inesploso
4403160;13;31/05/2019 13:10:00;Strada Urbana;VIA ALESSIO OLIVIERI;all'intersezione con;VIA GIOVANNI BATTISTA PESCETTI;VIA GIOVANNI BATTISTA PESCETTI;;;Scontro frontale/laterale DX fra veicoli in marcia;Incrocio;Una carreggiata a doppio senso;Asciutto;Asfaltata;Verticale ed orizzontale;Sereno;Normale;Sufficiente;Ore Diurne;1;0;0;3;12.3705;41.7453;-1;1;Autovettura privata;In marcia / fermata / arresto;Conducente;F;Illeso;0;;Non accertato;Inesploso
4403160;13;31/05/2019 13:10:00;Strada Urbana;VIA ALESSIO OLIVIERI;all'intersezione con;VIA GIOVANNI BATTISTA PESCETTI;VIA GIOVANNI BATTISTA PESCETTI;;;Scontro frontale/laterale DX fra veicoli in marcia;Incrocio;Una carreggiata a doppio senso;Asciutto;Asfaltata;Verticale ed orizzontale;Sereno;Normale;Sufficiente;Ore Diurne;1;0;0;3;12.3705;41.7453;-1;1;Autovettura privata;In marcia / fermata / arresto;Passeggero;F;Illeso;0;;Non accertato;Inesploso
4403160;13;31/05/2019 13:10:00;Strada Urbana;VIA ALESSIO OLIVIERI;all'intersezione con;VIA GIOVANNI BATTISTA PESCETTI;VIA GIOVANNI BATTISTA PESCETTI;;;Scontro frontale/laterale DX fra veicoli in marcia;Incrocio;Una carreggiata a doppio senso;Asciutto;Asfaltata;Verticale ed orizzontale;Sereno;Normale;Sufficiente;Ore Diurne;1;0;0;3;12.3705;41.7453;-1;1;Autovettura privata;In marcia / fermata / arresto;Passeggero;M;Illeso;0;;Non accertato;Inesistente
4403160;13;31/05/2019 13:10:00;Strada Urbana;VIA ALESSIO OLIVIERI;all'intersezione con;VIA GIOVANNI BATTISTA PESCETTI;VIA GIOVANNI BATTISTA PESCETTI;;;Scontro frontale/laterale DX fra veicoli in marcia;Incrocio;Una carreggiata a doppio senso;Asciutto;Asfaltata;Verticale ed orizzontale;Sereno;Normale;Sufficiente;Ore Diurne;1;0;0;3;12.3705;41.7453;-1;2;Autovettura privata;In marcia / fermata / arresto;Conducente;F;Rimandato;0;NON DECEDUTO;Non accertato;Inesploso
4403194;10;31/05/2019;Strada Urbana;VIA STATILIO OTTATO;in corrispondenza;;del civico n.;80;;Veicolo in marcia contro veicolo in sosta;Rettilineo;Una carreggiata a senso unico di marcia;Asciutto;Asfaltata;Assente;Sereno;Normale;Buona;Ore Diurne;0;0;0;1;12.5691;41.8567;-1;1;Autocaravan;In marcia / fermata / arresto;Conducente;M;Illeso;0;;Non accertato;Inesploso
4403194;10;31/05/2019;Strada Urbana;VIA STATILIO OTTATO;in corrispondenza;;del civico n.;80;;Veicolo in marcia contro veicolo in sosta;Rettilineo;Una carreggiata a senso unico di marcia;Asciutto;Asfaltata;Assente;Sereno;Normale;Buona;Ore Diurne;0;0;0;1;12.5691;41.8567;-1;2;Autovettura privata;Sosta;;;;;;;
4403206;10;31/05/2019 10:00:00;Strada Urbana;VIA DI PASSOLOMBARDO;all'intersezione con;VIA PIRAINO;VIA PIRAINO;;;Veicolo in marcia contro ostacolo accidentale;Incrocio;Una carreggiata a doppio senso;Asciutto;Asfaltata;Orizzontale;Sereno;Normale;Buona;Ore Diurne;0;0;0;1;12.6362;41.8303;-1;1;Autovettura privata;In marcia / fermata / arresto;Conducente;F;Illeso;0;;Non accertato;Inesploso
4403211;10;31/05/2019 10:01:00;Strada Urbana;VIA DI PASSOLOMBARDO;all'intersezione con;VIA PIRAINO;VIA PIRAINO;;;Veicolo in marcia contro ostacolo accidentale;Incrocio;Una carreggiata a doppio senso;Asciutto;Asfaltata;Orizzontale;Sereno;Normale;Buona;Ore Diurne;0;0;0;1;12.6362;41.8303;-1;1;Autovettura privata;In marcia / fermata / arresto;Conducente;M;Illeso;0;;Non accertato;Inesploso
4403395;11;31/05/2019 15:20:00;Strada Urbana;VIA ARDEATINA;in prossimità;;del civico n.;802;;Scontro laterale fra veicoli in marcia;Rettilineo;Una carreggiata a senso unico di marcia;Asciutto;Asfaltata;Verticale ed orizzontale;Sereno;Intenso;Buona;Ore Diurne;1;0;0;2;12.5304;41.8081;-1;1;Autovettura privata;In marcia / fermata / arresto;Conducente;M;Illeso;0;;Non accertato;
4403395;11;31/05/2019 15:20:00;Strada Urbana;VIA ARDEATINA;in prossimità;;del civico n.;802;;Scontro laterale fra veicoli in marcia;Rettilineo;Una carreggiata a senso unico di marcia;Asciutto;Asfaltata;Verticale ed orizzontale;Sereno;Intenso;Buona;Ore Diurne;1;0;0;2;12.5304;41.8081;-1;2;Autocarro inferiore 35 q.;In marcia / fermata / arresto;Conducente;M;Rimandato;0;NON DECEDUTO;Non accertato;
4403395;11;31/05/2019 15:20:00;Strada Urbana;VIA ARDEATINA;in prossimità;;del civico n.;802;;Scontro laterale fra veicoli in marcia;Rettilineo;Una carreggiata a senso unico di marcia;Asciutto;Asfaltata;Verticale ed orizzontale;Sereno;Intenso;Buona;Ore Diurne;1;0;0;2;12.5304;41.8081;-1;2;Autocarro inferiore 35 q.;In marcia / fermata / arresto;Passeggero;M;Illeso;0;;Non accertato;
4403421;11;31/05/2019 16:30:00;Strada Urbana;VIA LAURENTINA;all'intersezione con;VIA CASAMARI;VIA CASAMARI;;;Scontro frontale/laterale SX fra veicoli in marcia;Incrocio;Due carreggiate;Asciutto;Asfaltata;Verticale ed orizzontale;Sereno;Normale;Buona;Ore Diurne;1;0;0;1;12.4784;41.8487;-1;1;Autovettura privata;In marcia / fermata / arresto;Conducente;F;Illeso;0;;Non accertato;
4403421;11;31/05/2019 16:30:00;Strada Urbana;VIA LAURENTINA;all'intersezione con;VIA CASAMARI;VIA CASAMARI;;;Scontro frontale/laterale SX fra veicoli in marcia;Incrocio;Due carreggiate;Asciutto;Asfaltata;Verticale ed orizzontale;Sereno;Normale;Buona;Ore Diurne;1;0;0;1;12.4784;41.8487;-1;2;Motociclo a solo;In marcia / fermata / arresto;Conducente;M;Rimandato;0;NON DECEDUTO;;
4403433;11;31/05/2019 17:10:00;Strada Urbana;VIALE CRISTOFORO COLOMBO;in prossimità;;del civico n.;454;;Scontro laterale fra veicoli in marcia;Rettilineo;Più di due carreggiate;Asciutto;Asfaltata;Verticale ed orizzontale;Sereno;Intenso;Buona;Ore Diurne;0;0;0;4;12.4846;41.8508;-1;1;Autovettura privata;In marcia / fermata / arresto;Conducente;M;Illeso;0;;;
4403433;11;31/05/2019 17:10:00;Strada Urbana;VIALE CRISTOFORO COLOMBO;in prossimità;;del civico n.;454;;Scontro laterale fra veicoli in marcia;Rettilineo;Più di due carreggiate;Asciutto;Asfaltata;Verticale ed orizzontale;Sereno;Intenso;Buona;Ore Diurne;0;0;0;4;12.4846;41.8508;-1;1;Autovettura privata;In marcia / fermata / arresto;Passeggero;F;Illeso;0;;;
4403433;11;31/05/2019 17:10:00;Strada Urbana;VIALE CRISTOFORO COLOMBO;in prossimità;;del civico n.;454;;Scontro laterale fra veicoli in marcia;Rettilineo;Più di due carreggiate;Asciutto;Asfaltata;Verticale ed orizzontale;Sereno;Intenso;Buona;Ore Diurne;0;0;0;4;12.4846;41.8508;-1;2;Motociclo a solo;In marcia / fermata / arresto;Conducente;M;Illeso;0;;;
4403433;11;31/05/2019 17:10:00;Strada Urbana;VIALE CRISTOFORO COLOMBO;in prossimità;;del civico n.;454;;Scontro laterale fra veicoli in marcia;Rettilineo;Più di due carreggiate;Asciutto;Asfaltata;Verticale ed orizzontale;Sereno;Intenso;Buona;Ore Diurne;0;0;0;4;12.4846;41.8508;-1;3;Motociclo con passeggero;In marcia / fermata / arresto;Conducente;M;Illeso;0;;;
4403629;15;31/05/2019 19:30:00;Strada Urbana;LARGO GAETANO LA LOGGIA;all'intersezione semaforizzata con;VIALE DEI COLLI PORTUENSI;VIALE DEI COLLI PORTUENSI;;;Scontro frontale/laterale DX fra veicoli in marcia;Intersezione semaforizzata;Due carreggiate;Asciutto;Asfaltata;Verticale ed orizzontale;Sereno;Normale;Buona;Ore Diurne;0;0;0;2;12.4464;41.8559;-1;1;Autovettura privata;In marcia / fermata / arresto;Conducente;M;Illeso;0;;Non accertato;Inesploso
4403629;15;31/05/2019 19:30:00;Strada Urbana;LARGO GAETANO LA LOGGIA;all'intersezione semaforizzata con;VIALE DEI COLLI PORTUENSI;VIALE DEI COLLI PORTUENSI;;;Scontro frontale/laterale DX fra veicoli in marcia;Intersezione semaforizzata;Due carreggiate;Asciutto;Asfaltata;Verticale ed orizzontale;Sereno;Normale;Buona;Ore Diurne;0;0;0;2;12.4464;41.8559;-1;2;Motociclo con passeggero;In marcia / fermata / arresto;Conducente;M;Illeso;0;;Non accertato;
4403631;20;31/05/2019 18:00:00;Regionale entro l'abitato;VIA CASSIA;in prossimità;;del civico n.;f.c. 1170;;Veicolo in marcia contro ostacolo accidentale;Rettilineo;Una carreggiata a doppio senso;Asciutto;Asfaltata;Verticale ed orizzontale;Sereno;Normale;Buona;Ore Diurne;0;0;0;1;12.4137;41.9828;-1;1;Autovettura privata;In marcia / fermata / arresto;Conducente;M;Illeso;0;;Non accertato;
4403649;15;31/05/2019 20:45:00;Strada Urbana;VIA DEL TRULLO;in corrispondenza;;del civico n.;211;;Scontro frontale/laterale DX fra veicoli in marcia;Rettilineo;Due carreggiate;Asciutto;Asfaltata;Verticale ed orizzontale;Nuvoloso;Normale;Sufficiente;Sufficiente;0;1;0;1;12.436;41.8462;-1;1;Motociclo a solo;In marcia / fermata / arresto;Conducente;M;Prognosi riservata;0;NON DECEDUTO;Utilizzato;
4403649;15;31/05/2019 20:45:00;Strada Urbana;VIA DEL TRULLO;in corrispondenza;;del civico n.;211;;Scontro frontale/laterale DX fra veicoli in marcia;Rettilineo;Due carreggiate;Asciutto;Asfaltata;Verticale ed orizzontale;Nuvoloso;Normale;Sufficiente;Sufficiente;0;1;0;1;12.436;41.8462;-1;2;Autovettura privata;In marcia / fermata / arresto;Conducente;F;Illeso;0;;Non accertato;Inesploso
4403662;8;31/05/2019 20:10:00;;VIALE PAOLO FERDINANDO QUAGLIA;in prossimità;;del civico n.;64;;Veicolo in marcia contro veicolo fermo;;;;;;;;;;0;0;0;2;;;0;1;Autocarro inferiore 35 q.;In marcia / fermata / arresto;Conducente;M;Illeso;0;;;
4403662;8;31/05/2019 20:10:00;;VIALE PAOLO FERDINANDO QUAGLIA;in prossimità;;del civico n.;64;;Veicolo in marcia contro veicolo fermo;;;;;;;;;;0;0;0;2;;;0;2;Autovettura privata;In marcia / fermata / arresto;Conducente;M;Illeso;0;;;